Area_Name,Latitude,Longitude,Population,Household_Count,Avg_Household_Size,Building_Density_per_sqkm,Avg_Building_Height_Floors,Road_Density_km_per_sqkm,Land_Price_per_sqft,Literacy_Rate,Avg_Monthly_Income,Num_Shops,Num_Factories,Num_Schools,Num_Hospitals,Green_Space_Pct,Pollution_Index,Traffic_Density_Index,Water_Supply_Pct,Electricity_Access_Pct,Public_Transport_Access,Zone_Type
IND-1452,28.402197,77.468179,2502,545,4.59,292.0,1.7,5.91,3113.2,0.737,38492.3,0,14,1,0.0,9.59,85.83,54.55,76.93,95.96,47.78,Industrial
RES-1084,28.437873,77.35415,7444,1695,4.39,332.6,2.5,11.37,4166.1,0.745,49057.3,11,1,4,2.0,27.7,33.66,36.28,86.74,96.05,63.2,Residential
IND-1434,28.651669,77.299258,3502,1001,3.5,261.9,2.6,4.5,2927.4,0.681,30587.1,3,12,0,0.0,5.45,77.21,38.53,57.78,83.33,28.47,Industrial
IND-1473,28.422172,77.475862,1750,427,4.1,227.7,1.9,8.24,2609.9,0.577,29071.8,6,16,0,0.0,4.79,91.91,67.32,58.99,87.22,49.53,Industrial
IND-1428,28.610748,77.336768,2556,596,4.29,165.0,3.6,5.02,2979.5,0.689,36621.5,9,10,1,0.0,10.88,85.41,33.64,77.08,93.88,43.33,Industrial
COM-1312,28.504379,77.497632,3918,1172,3.34,467.8,7.5,13.02,10457.7,0.903,40048.2,26,2,1,1.0,9.84,56.03,84.58,90.98,100.0,90.52,Commercial
RES-1030,28.440974,77.361865,9255,2322,3.99,369.1,3.1,8.53,3683.7,0.706,37604.3,9,0,2,1.0,24.33,34.78,51.97,87.85,96.9,58.43,Residential
RES-1220,28.492835,77.557541,10350,2452,4.22,527.2,1.7,6.0,4541.2,0.782,43069.3,11,0,3,1.0,11.31,27.33,34.04,93.7,90.96,64.19,Residential
IND-1483,28.370681,77.489527,757,181,4.17,206.7,2.4,4.4,2791.7,0.671,22252.9,6,14,0,0.0,5.4,50.55,44.64,67.24,95.54,31.61,Industrial
RES-1231,28.528459,77.577866,6417,1327,4.84,496.9,3.7,8.82,3449.1,0.666,49364.0,14,1,1,0.0,23.34,43.46,30.15,87.38999999999999,96.59,60.29,Residential
RES-1009,28.458138,77.346481,4667,1109,4.21,380.4,1.9,7.41,3034.4,0.718,46523.8,22,0,2,0.0,29.42,36.47,40.21,67.89,98.26,60.29,Residential
RES-1124,28.570813,77.392984,8773,2144,4.09,336.6,1.9,9.7,4124.9,0.804,31053.7,20,0,2,1.0,16.31,35.47,43.89,77.25,89.42,51.09,Residential
IND-1422,28.60405,77.32629,2174,416,5.23,167.6,1.1,6.99,2667.5,0.615,20175.1,4,17,0,0.0,2.03,68.94,53.64,96.48,88.3,64.32,Industrial
RES-1204,28.534087,77.542473,5205,1303,3.99,541.1,3.7,7.84,3963.6,0.615,30066.4,11,0,0,0.0,23.2,34.73,39.21,90.49,93.05,60.29,Residential
COM-1360,28.461455,77.497224,4111,1251,3.29,631.9,6.5,15.2,10233.6,0.961,60760.4,56,0,0,0.0,6.09,61.87,100.0,83.41,100.0,94.83,Commercial
RES-1070,28.455421,77.33538,5226,1310,3.99,343.5,1.4,9.68,3729.5,0.814,58215.5,12,0,1,0.0,31.18,39.31,28.58,86.72,96.93,38.91,Residential
IND-1430,28.610915,77.318138,1438,378,3.8,171.4,1.8,9.0,2601.6,0.587,35523.5,3,19,0,1.0,4.84,79.5,85.07,75.18,82.03,57.68,Industrial
IND-1431,28.619519,77.345239,2747,559,4.91,251.9,1.9,5.54,2407.7,0.63,25595.5,0,22,0,0.0,3.25,79.58,49.58,87.3,88.27,77.84,Industrial
COM-1364,28.464205,77.51652,4242,1156,3.67,507.1,5.9,15.42,11484.9,0.897,59197.2,85,2,2,3.0,10.7,51.15,78.17,99.18,97.73,80.95,Commercial
RES-1211,28.490788,77.536848,10928,2337,4.68,603.3,2.7,7.08,5575.2,0.778,38671.9,20,0,1,1.0,15.48,27.34,57.19,84.22,86.77,45.38,Residential
RES-1078,28.451376,77.346319,8976,2221,4.04,296.7,3.5,9.37,2326.3,0.782,42725.2,4,0,4,1.0,19.67,33.23,29.76,90.26,96.57,64.79,Residential
RES-1181,28.493954,77.510953,4550,994,4.58,525.6,3.2,7.55,4082.9,0.692,44127.0,8,0,3,1.0,26.92,49.79,49.45,94.56,85.84,60.29,Residential
IND-1424,28.60416,77.340051,2796,831,3.36,245.0,1.1,8.39,3148.2,0.688,45778.3,2,13,1,1.0,8.63,72.67,43.15,86.63,96.13,47.06,Industrial
RES-1055,28.463969,77.361727,9394,2476,3.79,382.6,2.7,7.58,4147.6,0.654,34898.4,17,1,4,1.0,22.475,28.95,60.06,92.85,92.39,47.35,Residential
RES-1076,28.451306,77.362331,10787,2934,3.68,596.6,1.4,8.7,3047.6,0.777,42671.4,9,0,2,1.0,18.32,51.45,55.13,88.86,89.0,55.36,Residential
RES-1077,28.445515,77.378452,6443,1743,3.7,325.8,3.3,9.81,5779.3,0.78,35125.7,0,1,5,0.0,20.19,26.17,46.31,99.37,90.61,48.72,Residential
RES-1154,28.599565,77.429324,1357,356,3.81,250.9,3.9,4.62,2822.0,0.693,46771.8,14,0,2,0.0,12.07,34.78,44.32,89.99,99.5,76.59,Residential
COM-1265,28.523619,77.399852,4146,864,4.8,642.2,10.5,13.47,9331.4,0.861,81592.8,69,0,0,1.0,8.55,45.2,88.0,87.69,96.0,86.48,Commercial
COM-1271,28.502205,77.384734,4378,1589,2.75,899.3,5.5,12.15,7642.9,0.87,61344.55,66,0,1,0.0,13.77,68.92,78.3,94.0,97.28,90.72,Commercial
IND-1381,28.621462,77.296316,2164,625,3.46,79.3,3.7,4.98,3202.1,0.815,32289.0,6,18,0,1.0,6.405,94.3,60.45,65.73,86.29,14.16,Industrial
RES-1101,28.582202,77.420096,1531,386,3.97,451.8,3.9,10.26,3706.5,0.713,30589.0,6,0,2,1.0,19.27,45.61,47.6,92.26,95.49,36.81,Residential
RES-1126,28.562844,77.408183,7941,1686,4.71,416.2,3.2,10.01,3370.3,0.762,16914.0,12,0,3,1.0,27.59,32.26,38.06,87.38999999999999,99.85,61.18,Residential
COM-1314,28.452569,77.490994,3762,985,3.82,706.3,8.8,13.45,8621.8,0.861,47981.6,63,0,0,0.0,11.19,61.33,69.09,91.94,100.0,77.49,Commercial
COM-1322,28.462852,77.49862,3835,1367,2.8,499.2,4.8,18.86,9091.9,0.846,58296.4,64,0,1,3.0,12.2,68.14,75.98,92.08,95.12,76.97,Commercial
RES-1033,28.434134,77.328972,9433,2004,4.71,614.8,3.4,8.11,3710.9,0.864,41059.3,1,1,3,1.0,27.03,30.15,40.15,94.19,92.23,77.43,Residential
RES-1073,28.47347,77.33769,10271,2477,4.15,514.6,3.8,6.47,2932.4,0.678,46353.3,8,0,1,0.0,30.94,28.29,21.33,82.41,87.27,71.4,Residential
RES-1000,28.457451,77.351456,9376,1831,5.12,496.7,3.1,10.0,2676.8,0.805,36505.0,13,0,2,1.0,25.35,25.64,46.63,88.99,94.57,76.61,Residential
RES-1011,28.443014,77.34369,9884,2089,4.73,494.8,3.2,8.22,5702.1,0.702,49274.8,13,1,2,2.0,25.65,39.63,57.02,100.0,89.77,56.11,Residential
RES-1229,28.482425,77.53423,7499,1641,4.57,328.7,4.1,8.15,4147.6,0.773,34901.1,12,0,1,1.0,25.0,34.44,48.32,86.39,94.56,57.45,Residential
RES-1193,28.506273,77.54197,10628,2227,4.77,374.7,2.4,6.03,3439.6,0.69,39558.7,13,0,2,1.0,24.09,39.35,34.02,84.41,90.5,53.9,Residential
IND-1403,28.606135,77.288393,2985,983,3.04,172.0,1.0,6.43,3009.2,0.541,44847.0,8,15,0,0.0,2.01,71.73,47.87,78.32,92.51,50.39,Industrial
IND-1393,28.635438,77.333759,1161,361,3.21,257.1,2.3,5.4,2192.6,0.724,27810.1,3,5,0,0.0,8.14,84.76,41.74,85.1,90.82,45.96,Industrial
IND-1407,28.619131,77.341301,1097,239,4.58,109.6,1.1,5.67,1764.1,0.896,17316.1,5,11,0,1.0,6.405,67.42,36.38,68.16,100.0,47.2,Industrial
RES-1153,28.553772,77.414852,5120,1031,4.96,573.6,2.0,7.55,4147.6,0.731,38671.9,7,0,1,1.0,23.73,30.77,33.97,92.87,88.87,75.4,Residential
RES-1068,28.455425,77.33213,11883,2579,4.61,545.3,3.3,5.3,5031.6,0.774,37868.6,11,0,5,1.0,14.74,47.23,40.88,88.15,95.42,53.56,Residential
RES-1195,28.515959,77.579027,8113,1789,4.53,477.7,3.7,9.99,4117.3,0.613,39650.9,6,0,3,0.0,27.08,39.11,45.84,85.83,97.33,64.42,Residential
RES-1018,28.43638,77.353863,8128,1790,4.54,647.1,2.6,9.21,3992.2,0.913,34638.5,9,1,4,1.0,23.15,31.45,52.9,87.38999999999999,100.0,65.51,Residential
IND-1442,28.406137,77.462187,2273,773,2.94,165.0,1.7,8.02,1790.4,0.632,26565.7,2,19,1,0.0,10.77,62.74,61.97,77.64,93.69,29.94,Industrial
IND-1484,28.395344,77.486003,566,144,3.91,254.6,1.8,3.47,1533.8,0.841,27902.1,2,3,1,0.0,4.79,82.05,79.48,67.2,92.44,36.73,Industrial
IND-1481,28.39851,77.462694,2387,680,3.51,161.8,2.9,5.5,4009.5,0.509,29542.1,3,16,0,0.0,11.54,72.39,57.22,61.15,92.51,49.69,Industrial
IND-1427,28.631393,77.332647,2936,741,3.96,238.9,1.9,6.1,2451.5,0.752,19906.6,8,15,0,0.0,7.15,71.63,69.51,84.28,95.77,52.43,Industrial
RES-1039,28.452953,77.342448,8180,1902,4.3,561.4,4.2,10.56,5182.4,0.836,33752.0,9,0,4,2.0,23.93,28.97,35.63,84.3,99.7,60.29,Residential
RES-1173,28.498517,77.534091,5629,1224,4.6,560.6,2.7,8.83,2482.8,0.842,38671.9,16,0,3,1.0,23.19,37.37,60.75,72.8,91.64,67.1,Residential
COM-1304,28.518862,77.393104,5599,1513,3.7,719.9,7.3,17.55,8828.7,0.849,68032.1,85,0,1,2.0,10.88,52.65,97.08,93.71,100.0,54.87,Commercial
RES-1155,28.555063,77.414456,8404,1609,5.22,588.0,4.5,10.47,4662.8,0.714,32994.6,5,0,5,1.0,16.24,37.57,44.7,81.08,99.31,60.29,Residential
RES-1072,28.449463,77.367379,12668,2801,4.52,425.8,2.5,9.0,3566.1,0.78,34084.5,16,1,2,0.0,20.72,32.08,32.83,83.48,98.36,37.43,Residential
IND-1462,28.413602,77.497753,985,286,3.44,189.2,2.1,5.83,3343.5,0.58,36572.7,7,11,2,0.0,8.18,83.56,60.21,71.55,83.61,25.05,Industrial
RES-1093,28.557294,77.411113,9419,2104,4.48,426.3,1.8,6.73,5201.4,0.835,35491.8,6,0,2,0.0,21.61,50.1,28.83,83.14,99.29,63.87,Residential
COM-1329,28.490552,77.500851,4432,1537,2.88,633.7,7.2,9.02,9725.4,0.811,64213.3,71,0,0,2.0,10.75,61.87,69.31,87.02,100.0,100.0,Commercial
RES-1148,28.58433,77.436287,9397,2593,3.62,632.1,1.0,8.51,4551.6,0.843,40245.1,12,1,3,0.0,25.26,25.38,44.73,82.85,88.23,67.59,Residential
IND-1485,28.413216,77.449789,2466,578,4.26,160.4,2.3,5.84,2228.0,0.586,24655.7,7,16,0,0.0,9.09,69.54,79.05,84.92,85.12,62.43,Industrial
IND-1426,28.606355,77.306212,1264,335,3.77,144.3,2.5,4.66,2995.4,0.681,28717.3,5,20,1,0.0,6.405,77.21,61.43,82.1,87.96,47.82,Industrial
RES-1063,28.432057,77.353484,9904,2438,4.06,537.4,2.2,10.94,4754.3,0.829,32152.6,15,0,3,3.0,24.92,52.32,39.97,94.33,95.62,62.92,Residential
COM-1311,28.453543,77.511599,4488,1558,2.88,605.9,3.8,16.87,10146.8,0.876,56496.7,62,2,0,3.0,6.34,53.73,77.31,80.63,100.0,86.12,Commercial
COM-1338,28.48244,77.521732,2745,812,3.38,678.4,6.5,11.3,11791.2,0.948,85108.0,80,0,1,1.0,14.42,56.93,74.6,82.41,93.85,69.14,Commercial
COM-1272,28.528818,77.384589,2987,849,3.51,615.6,6.1,12.33,9460.0,0.866,77262.6,117,0,0,2.0,8.88,51.65,69.4,100.0,96.51,69.49,Commercial
RES-1090,28.608518,77.434473,7879,1944,4.05,667.1,5.2,5.39,3273.6,0.92,39401.7,2,0,3,1.0,17.69,19.74,52.01,83.75,94.06,62.94,Residential
COM-1262,28.507315,77.391458,4314,1088,3.97,647.3,5.6,15.38,8350.8,0.805,85864.3,103,0,1,3.0,6.36,58.6,78.01,93.0,100.0,74.27,Commercial
IND-1397,28.602436,77.320961,2186,621,3.52,207.2,2.4,4.66,3499.9,0.761,29205.1,9,6,0,0.0,1.94,84.25,71.82,79.8,96.29,56.15,Industrial
IND-1467,28.404392,77.475514,2136,510,4.18,133.1,2.5,6.6,3110.5,0.743,25610.7,3,12,0,0.0,6.405,85.34,49.01,71.17,90.62,47.32,Industrial
IND-1420,28.61313,77.337028,3270,891,3.67,196.6,2.2,5.91,2550.2,0.84,43897.7,0,28,0,1.0,7.97,77.67,70.2,76.81,85.26,49.58,Industrial
RES-1104,28.575972,77.418675,7958,2135,3.73,418.1,2.7,7.01,5205.7,0.835,38671.9,14,0,2,2.0,27.26,34.78,31.36,80.98,95.84,80.99,Residential
COM-1335,28.465083,77.490758,4613,1080,4.27,709.0,7.1,13.76,13037.3,0.79,67790.6,70,0,2,2.0,4.24,35.66,86.24,88.85,87.87,89.64,Commercial
IND-1469,28.376459,77.469348,2591,592,4.37,165.9,2.6,6.68,3564.1,0.79,29205.1,6,14,0,1.0,11.54,74.64,49.6,77.69,85.5,50.16,Industrial
IND-1475,28.38873,77.452765,3882,1096,3.54,203.0,1.1,7.38,2645.1,0.67,20812.7,3,13,1,0.0,0.0,79.03,59.35,89.85,82.34,47.86,Industrial
RES-1079,28.420186,77.338694,9704,2260,4.29,445.0,2.2,8.9,5726.8,0.782,46869.6,15,0,2,1.0,23.02,32.79,58.54,86.23,94.9,80.11,Residential
COM-1298,28.52196,77.380642,5712,1591,3.59,543.8,4.2,11.56,9460.0,0.826,52039.5,84,0,1,2.0,3.09,71.71,80.88,85.27,98.66,81.77,Commercial
COM-1316,28.464008,77.5011,3724,1038,3.59,535.7,9.3,17.19,10472.4,0.829,48635.3,62,2,1,0.0,8.05,35.65,100.0,91.71,100.0,73.78,Commercial
RES-1082,28.472168,77.348843,869,180,4.83,263.9,3.1,11.89,4147.6,0.788,46533.4,7,0,1,0.0,24.62,41.88,37.74,94.18,97.17,60.29,Residential
RES-1131,28.551772,77.431219,7682,1634,4.7,472.2,3.8,9.9,4359.1,0.918,38685.5,10,0,6,0.0,18.35,36.26,33.88,90.98,94.15,60.29,Residential
COM-1310,28.461716,77.521246,6350,1371,4.63,411.0,9.2,12.74,5518.8,0.841,38051.6,61,0,1,0.0,11.07,52.8,81.27,97.53,94.68,76.0,Commercial
COM-1290,28.480628,77.424956,1350,391,3.45,668.0,5.8,16.73,7903.1,0.828,89437.7,60,0,1,1.0,7.05,54.3,89.71,96.77,100.0,91.64,Commercial
IND-1390,28.613575,77.320589,2507,748,3.35,206.6,1.2,6.87,2352.1,0.483,33993.4,8,13,0,0.0,5.35,86.96,46.0,64.45,98.73,28.56,Industrial
IND-1480,28.389593,77.467761,1603,461,3.47,102.7,1.9,8.31,3454.4,0.673,35473.6,3,15,2,0.0,1.96,74.24,46.84,71.02,89.14,56.52,Industrial
RES-1117,28.601164,77.403098,9135,2108,4.33,375.4,2.5,8.17,3368.2,0.783,33481.8,15,0,1,0.0,4.05,38.59,45.72,94.26,92.11,83.86,Residential
COM-1340,28.474368,77.496379,8669,2269,3.82,624.1,7.8,12.96,10263.1,0.924,61551.3,96,2,0,2.0,12.82,54.26,79.9,92.08,95.65,84.09,Commercial
RES-1086,28.463731,77.350195,11591,2639,4.39,483.0,2.3,6.72,4302.8,0.798,38671.9,19,0,4,2.0,6.68,33.01,58.85,90.09,97.36,55.21,Residential
RES-1075,28.462329,77.356192,6934,1535,4.52,456.7,1.2,8.73,4147.6,0.864,52773.7,2,0,4,0.0,22.475,19.27,38.78,87.38999999999999,100.0,60.29,Residential
IND-1429,28.59978,77.328903,2352,505,4.65,118.2,1.9,5.51,2363.5,0.508,36672.2,7,11,0,1.0,6.71,75.12,67.77,51.46,85.89,44.52,Industrial
RES-1015,28.441566,77.356061,8847,2584,3.42,380.9,3.0,7.76,3954.5,0.818,49627.1,13,0,2,1.0,22.85,33.73,22.39,91.28,91.98,76.29,Residential
RES-1209,28.504391,77.541996,5654,1351,4.18,440.4,4.6,8.15,4355.0,0.809,46431.9,12,0,3,0.0,8.69,35.01,46.55,90.98,91.65,71.95,Residential
IND-1378,28.591875,77.349117,1537,440,3.49,179.8,1.8,6.22,2150.1,0.711,36356.2,6,13,1,0.0,6.405,90.43,45.56,79.8,76.47,47.59,Industrial
RES-1019,28.428815,77.348883,5485,1341,4.09,377.3,2.6,7.74,4826.6,0.861,35745.7,12,0,3,0.0,20.15,27.92,46.73,96.59,88.66,87.57,Residential
COM-1317,28.471938,77.514532,5428,1879,2.89,569.3,7.6,13.02,12419.8,0.804,69255.1,102,0,0,4.0,7.63,53.51,76.63,91.75,100.0,69.12,Commercial
IND-1376,28.614367,77.325411,1811,490,3.69,128.5,2.0,3.99,2703.5,0.589,29830.0,6,8,1,0.0,5.44,81.06,62.98,80.85,90.1,34.21,Industrial
RES-1056,28.437412,77.331446,3544,711,4.98,589.6,2.5,8.01,3983.7,0.722,40286.9,13,0,4,1.0,15.61,23.63,60.62,89.24,100.0,92.56,Residential
COM-1275,28.521395,77.413924,2439,589,4.14,677.1,2.2,10.67,9783.5,0.908,61702.6,147,1,1,2.0,10.74,71.72,88.3,92.58,99.21,75.88,Commercial
IND-1398,28.623036,77.330027,1418,398,3.56,168.3,1.3,5.33,2560.1,0.778,29609.0,7,11,0,0.0,6.45,76.31,40.49,88.83,83.59,68.3,Industrial
COM-1325,28.445379,77.501268,4626,1155,4.0,509.5,5.0,16.39,9091.5,0.795,28611.3,89,0,1,1.0,1.1,50.67,82.32,98.43,95.74,90.64,Commercial
RES-1140,28.570307,77.401557,4463,978,4.56,538.9,3.1,7.97,4936.9,0.779,38305.9,7,1,2,1.0,10.53,24.03,39.11,96.28,100.0,58.84,Residential
IND-1433,28.602725,77.307722,2108,473,4.46,180.6,1.8,6.81,2117.6,0.869,20948.1,2,17,1,0.0,0.0,77.76,51.84,79.46,96.88,43.55,Industrial
IND-1416,28.631643,77.366073,262,64,4.05,258.8,1.7,7.06,1812.4,0.783,40513.7,9,18,0,1.0,5.83,87.44,60.01,67.58,81.02,46.44,Industrial
IND-1488,28.394367,77.487308,708,238,2.97,246.4,2.0,6.45,2667.5,0.681,39308.6,0,12,0,0.0,12.52,67.18,46.7,74.82,91.13,43.39,Industrial
RES-1025,28.451664,77.354523,5936,1464,4.05,463.5,2.9,7.77,4253.3,0.722,39873.7,4,0,1,1.0,14.01,33.33,45.89,90.57,96.14,35.76,Residential
IND-1460,28.394339,77.46898,2182,571,3.82,172.6,2.3,4.96,3893.7,0.674,32004.7,0,21,1,0.0,2.37,81.61,73.3,74.48,89.6,0.0,Industrial
RES-1137,28.567007,77.41571,6202,1433,4.33,336.8,1.7,7.8,4946.8,0.776,43209.1,4,1,1,2.0,18.58,32.31,53.18,93.81,92.94,62.67,Residential
IND-1455,28.395357,77.459341,1855,435,4.26,250.8,1.9,6.63,2359.8,0.626,38415.7,10,15,0,0.0,6.63,76.74,28.63,88.05,83.72,40.78,Industrial
COM-1349,28.475407,77.491213,2251,645,3.49,652.4,4.2,17.85,10338.4,0.912,59701.9,78,0,1,2.0,7.37,68.53,60.25,100.0,91.57,85.97,Commercial
RES-1042,28.448265,77.334065,9509,1975,4.81,450.5,3.3,9.64,3891.6,0.985,32900.9,15,0,3,0.0,20.95,51.11,57.27,90.05,83.39,50.19,Residential
RES-1208,28.480675,77.557504,6206,1295,4.79,433.7,3.4,7.2,3138.6,0.911,28486.1,16,0,2,0.0,19.89,42.05,34.62,95.67,94.63,75.44,Residential
RES-1237,28.501979,77.537814,10380,2400,4.32,466.1,3.1,8.21,3984.4,0.759,38671.9,10,0,3,2.0,22.6,37.75,49.19,81.41,91.56,30.76,Residential
COM-1274,28.49133,77.409668,2291,570,4.01,605.2,8.8,11.46,10157.1,0.775,34457.4,80,1,0,0.0,0.0,40.21,84.37,90.41,97.22,97.79,Commercial
COM-1249,28.513708,77.414517,5151,1356,3.8,541.5,4.0,15.89,10301.8,0.955,61159.5,81,1,2,0.0,8.38,48.69,82.84,86.15,95.51,91.56,Commercial
IND-1468,28.371793,77.490189,1941,576,3.37,152.7,2.0,4.82,2541.8,0.565,17623.6,8,14,0,0.0,2.93,72.25,32.52,65.75,90.14,56.72,Industrial
COM-1355,28.477467,77.514677,7181,1862,3.85,894.8,5.7,9.25,8136.7,0.932,56103.2,95,1,2,1.0,0.0,59.76,79.88,88.72,99.12,80.95,Commercial
IND-1410,28.646474,77.296371,1222,326,3.75,224.6,1.8,5.71,2215.6,0.617,29205.1,2,12,0,1.0,1.48,80.95,51.14,94.26,87.25,47.2,Industrial
COM-1245,28.496062,77.384783,6060,1812,3.34,875.7,6.5,10.82,9495.6,0.77,53418.2,106,0,0,1.0,10.36,37.02,67.67,92.86,96.18,70.53,Commercial
IND-1440,28.409954,77.494571,2259,487,4.63,212.1,1.6,6.59,3088.1,0.51,41649.3,4,23,0,0.0,6.405,86.09,36.11,57.99,85.22,47.2,Industrial
RES-1022,28.451013,77.350903,10382,2529,4.11,258.8,1.5,10.07,4147.6,0.73,29966.9,12,1,5,0.0,26.25,24.02,37.91,81.85,93.6,59.71,Residential
COM-1321,28.471888,77.511127,2462,684,3.6,726.7,8.4,10.2,10623.0,0.818,51271.5,49,1,2,3.0,9.6,56.63,75.04,100.0,95.07,80.95,Commercial
RES-1046,28.44309,77.338251,8141,1717,4.74,353.9,2.1,7.67,3200.5,0.777,31341.2,4,0,3,0.0,22.17,24.22,25.82,76.69,89.0,57.94,Residential
RES-1031,28.477784,77.336359,10498,2548,4.12,494.3,2.1,11.52,3707.8,0.78,43398.6,21,0,3,0.0,36.96,31.1,33.9,82.77,95.63,57.47,Residential
RES-1113,28.57025,77.425545,9897,2276,4.35,472.0,3.0,8.95,4147.6,0.681,35532.1,19,1,1,1.0,20.86,44.23,50.71,85.68,99.86,78.45,Residential
IND-1370,28.610548,77.317092,3334,925,3.6,248.6,1.0,6.17,2001.4,0.811,24114.6,2,13,0,0.0,3.29,75.94,45.45,71.94,85.68,28.65,Industrial
COM-1299,28.517877,77.397851,3227,862,3.74,547.5,6.6,13.7,9861.3,0.789,56617.6,104,1,2,0.0,5.63,45.99,83.84,87.69,95.97,94.79,Commercial
RES-1192,28.506388,77.557443,3182,743,4.28,367.5,2.3,10.26,5108.5,1.0,41682.2,16,1,3,1.0,16.72,45.36,21.79,98.09,100.0,56.46,Residential
RES-1132,28.571769,77.403909,6256,1701,3.68,494.8,5.4,9.32,3708.0,0.939,30596.6,7,0,3,0.0,18.83,30.31,44.91,89.56,83.24,33.09,Residential
RES-1057,28.445362,77.330193,8410,1753,4.8,460.4,2.2,6.74,3862.7,0.76,40675.7,14,0,1,1.0,20.17,47.01,52.08,85.43,100.0,57.36,Residential
RES-1182,28.529873,77.54458,8762,2569,3.41,559.6,2.3,10.36,5702.2,0.808,25072.9,19,0,3,2.0,23.95,34.78,45.01,99.45,96.4,60.02,Residential
RES-1024,28.441834,77.347115,4969,1085,4.58,381.7,5.0,10.66,6516.0,0.821,37722.5,17,1,4,0.0,17.28,46.77,34.19,86.41,88.69,72.0,Residential
RES-1017,28.454714,77.352619,8338,1776,4.69,466.5,4.0,7.72,4151.1,0.859,33817.1,12,0,0,1.0,24.36,27.53,43.81,90.11,96.12,72.12,Residential
RES-1180,28.489876,77.545467,6830,1839,3.71,498.0,3.6,8.14,3699.5,0.78,39638.1,17,0,4,1.0,25.09,44.51,41.68,86.49,97.26,67.78,Residential
RES-1066,28.44892,77.377987,6955,1744,3.99,363.2,3.8,7.11,4493.5,0.847,33859.1,8,0,1,2.0,16.36,35.46,46.96,92.33,91.68,50.82,Residential
COM-1261,28.517242,77.381711,2955,699,4.23,675.2,3.7,11.39,12020.7,0.823,63552.4,68,0,0,2.0,7.89,57.08,87.26,94.23,97.96,73.16,Commercial
RES-1176,28.510231,77.564667,9511,2434,3.91,673.7,3.3,6.38,5454.1,0.805,42135.6,10,0,3,0.0,17.88,25.74,26.12,86.06,90.79,48.14,Residential
RES-1094,28.552953,77.419604,9222,2312,3.99,452.0,2.1,7.66,3633.7,0.74,45374.4,8,0,3,1.0,22.55,39.45,38.14,79.92,93.14,60.29,Residential
COM-1318,28.469051,77.514508,6588,1638,4.02,372.2,3.8,14.05,8736.2,0.755,54913.4,75,0,1,1.0,2.91,31.33,91.02,92.8,99.59,73.0,Commercial
IND-1384,28.654332,77.324701,3152,793,3.97,138.1,2.2,5.76,3107.6,0.681,44544.4,3,15,0,0.0,6.2,65.47,41.78,86.29,88.4,29.25,Industrial
RES-1023,28.428629,77.386949,10318,2138,4.82,402.7,4.7,7.91,3204.1,0.782,31857.6,8,0,2,1.0,27.74,22.09,31.49,82.21,96.26,55.45,Residential
RES-1210,28.502183,77.568312,12674,2752,4.6,539.6,3.8,7.69,4804.4,0.711,42576.1,15,0,5,0.0,30.22,38.16,29.3,77.19,89.04,60.23,Residential
COM-1346,28.460529,77.486063,7718,2609,2.96,734.1,4.4,12.24,7515.3,0.923,74210.1,108,0,1,1.0,11.2,48.47,83.4,91.58,94.22,86.64,Commercial
COM-1307,28.519455,77.41845,5231,1270,4.12,596.7,5.4,16.91,8171.1,0.859,52876.5,102,0,1,1.0,4.02,36.27,78.49,92.08,100.0,77.23,Commercial
RES-1005,28.446488,77.328047,9570,2066,4.63,413.9,2.3,7.07,2710.6,0.78,26115.5,12,0,3,1.0,13.52,14.27,33.49,76.84,99.4,58.64,Residential
RES-1116,28.563644,77.396437,9595,3016,3.18,305.9,4.8,9.59,3992.6,0.719,26979.1,19,0,1,0.0,22.51,36.52,27.07,79.62,89.61,55.73,Residential
RES-1045,28.439202,77.373249,10395,2357,4.41,506.1,3.8,8.95,3500.0,0.724,33434.0,6,1,1,2.0,16.61,36.48,49.33,87.75,93.89,60.29,Residential
RES-1016,28.434808,77.378293,6055,1400,4.32,528.5,3.9,7.62,1772.8,0.8,50636.6,15,1,3,0.0,35.92,34.78,47.53,81.01,89.22,51.96,Residential
IND-1453,28.40785,77.489854,2664,707,3.77,203.8,1.0,5.71,2667.5,0.82,33730.2,11,5,0,0.0,4.56,77.21,61.84,76.58,81.93,49.55,Industrial
IND-1400,28.620596,77.322496,820,182,4.51,200.5,1.9,6.9,2932.7,0.538,39414.0,3,13,1,0.0,6.26,54.35,54.09,82.1,87.69,57.03,Industrial
RES-1003,28.472845,77.345085,9061,2057,4.41,486.2,3.8,11.09,3815.8,0.839,39572.4,18,0,5,1.0,16.48,41.07,27.03,86.97,90.66,72.71,Residential
COM-1341,28.464546,77.522002,2943,828,3.55,585.4,7.5,10.56,9179.9,0.946,62469.3,66,4,2,2.0,4.25,53.15,78.4,88.31,94.73,80.95,Commercial
IND-1446,28.39321,77.495234,3408,888,3.83,188.8,1.3,6.44,1716.0,0.703,37367.8,10,12,0,0.0,4.69,70.02,51.26,80.02,92.68,55.83,Industrial
RES-1060,28.442812,77.353757,6256,1423,4.39,635.5,3.5,9.86,4147.6,0.794,36584.4,15,0,2,0.0,22.34,45.63,47.78,80.5,96.02,60.65,Residential
RES-1110,28.578031,77.430454,5862,1214,4.83,464.8,2.8,10.39,3332.6,0.786,32323.4,15,0,4,0.0,27.98,44.6,32.93,94.85,92.81,70.59,Residential
IND-1476,28.422801,77.472289,1521,342,4.44,173.0,1.0,5.22,2999.7,0.641,33754.7,7,15,0,1.0,2.94,68.14,48.88,64.74,96.94,47.7,Industrial
COM-1301,28.507608,77.367131,3819,1094,3.49,679.0,4.1,15.15,10475.8,0.789,76302.7,84,1,1,1.0,3.21,54.13,97.48,97.1,97.44,71.24,Commercial
RES-1029,28.445625,77.361279,16476,3494,4.71,398.1,4.4,7.87,4070.1,0.667,36288.1,11,0,5,2.0,9.08,49.61,44.45,86.1,100.0,85.66,Residential
RES-1175,28.462016,77.530731,8688,1822,4.77,373.5,1.0,10.61,5101.5,0.809,45653.6,13,0,0,2.0,19.57,37.31,51.44,89.11,93.21,74.37,Residential
RES-1225,28.530795,77.532392,10522,2790,3.77,439.0,3.8,10.65,5022.1,0.734,38671.9,10,0,1,2.0,26.18,34.78,37.78,99.31,93.81,55.42,Residential
RES-1026,28.432735,77.349479,9133,1883,4.85,480.8,3.8,4.83,4212.5,0.795,50404.0,9,0,3,1.0,10.98,29.65,56.7,94.4,93.06,44.19,Residential
RES-1007,28.461512,77.353916,7839,1912,4.1,451.1,2.1,8.13,4266.0,0.808,45117.0,15,0,3,1.0,16.58,38.13,45.86,84.27,100.0,62.86,Residential
IND-1444,28.386887,77.479035,2440,570,4.28,186.3,1.6,5.99,3451.5,0.722,22153.7,5,13,1,1.0,9.13,86.2,64.58,72.83,81.06,38.59,Industrial
RES-1108,28.576833,77.428414,6299,1390,4.53,338.5,5.5,9.67,3827.9,0.78,28034.3,14,0,2,2.0,12.16,31.39,38.7,94.83,99.93,67.54,Residential
RES-1037,28.420605,77.341506,7478,1822,4.1,571.8,2.0,9.89,5553.6,0.795,57642.4,15,0,2,0.0,20.26,47.49,44.2,87.38999999999999,100.0,67.52,Residential
RES-1157,28.596901,77.419561,10725,2272,4.72,426.0,3.6,6.95,4144.0,0.88,36376.2,5,0,2,0.0,22.56,35.15,32.88,96.75,95.81,61.17,Residential
IND-1457,28.404163,77.497133,1761,449,3.92,172.7,2.9,5.89,2667.5,0.747,31883.4,2,19,0,0.0,4.7,77.21,57.28,56.58,82.29,45.89,Industrial
RES-1118,28.578521,77.402091,6588,1289,5.11,440.7,1.1,9.46,5001.2,0.835,46171.1,9,0,2,1.0,20.88,30.92,44.51,94.25,95.16,70.18,Residential
RES-1114,28.58253,77.41839,10096,2227,4.53,429.9,2.5,12.09,4229.5,0.78,57413.7,14,0,2,1.0,23.94,20.04,32.7,82.54,97.33,45.53,Residential
RES-1227,28.494355,77.581019,10215,2175,4.7,435.7,1.0,8.94,4147.6,0.836,38638.4,9,0,3,1.0,20.36,37.12,58.21,87.76,99.92,50.24,Residential
RES-1172,28.502932,77.550784,9934,2304,4.31,466.1,4.6,8.42,3480.1,0.784,28790.8,18,0,2,1.0,18.0,44.2,44.96,91.82,91.17,44.31,Residential
RES-1144,28.595009,77.459665,9824,1997,4.92,374.8,1.8,10.1,5115.9,0.679,58966.3,8,1,5,1.0,27.47,48.88,40.41,93.15,87.96,34.76,Residential
COM-1362,28.509568,77.481406,6178,2160,2.86,725.4,7.4,10.43,10464.2,0.869,74460.8,85,0,3,1.0,2.16,46.23,62.51,96.52,100.0,68.92,Commercial
IND-1474,28.377764,77.462621,2802,748,3.75,165.0,1.7,7.09,3023.9,0.634,38239.0,8,14,1,1.0,8.49,82.7,47.23,81.26,92.33,23.33,Industrial
RES-1185,28.497795,77.542272,7928,2019,3.93,421.6,3.2,7.78,3910.2,0.795,34679.2,10,0,4,2.0,13.85,25.75,33.62,86.22,89.19,55.72,Residential
RES-1203,28.498531,77.550768,8426,1922,4.38,258.1,1.9,6.51,4147.6,0.84,38671.9,18,0,1,2.0,7.01,39.43,30.34,93.4,96.63,65.76,Residential
IND-1418,28.638558,77.323028,1694,423,4.0,143.7,2.1,5.59,1778.3,0.64,35497.4,7,13,0,1.0,4.31,69.31,61.85,75.08,94.16,56.64,Industrial
IND-1436,28.391184,77.47254,2497,599,4.17,199.6,2.0,5.64,4024.9,0.662,40761.8,11,18,1,1.0,10.73,66.11,38.09,74.24,88.19,43.35,Industrial
RES-1141,28.60663,77.42745,6322,1389,4.55,443.2,4.9,8.37,5584.1,0.725,26411.3,19,1,2,0.0,21.59,29.32,39.62,79.75,81.56,42.07,Residential
COM-1358,28.444586,77.498973,3268,764,4.28,664.2,7.4,11.53,10494.3,0.797,46615.2,148,0,1,0.0,8.21,68.66,62.76,92.08,92.87,86.39,Commercial
RES-1067,28.465053,77.357107,6562,1548,4.24,511.7,2.1,6.26,3074.0,0.817,39790.3,21,1,1,0.0,21.14,37.15,49.55,100.0,95.01,59.44,Residential
RES-1199,28.51652,77.54465,9988,2157,4.63,453.6,3.1,5.92,4146.5,0.718,36103.9,20,0,4,0.0,27.26,43.43,37.69,87.26,91.59,70.83,Residential
RES-1168,28.554748,77.435841,7943,2547,3.12,392.3,3.9,5.3,3806.9,0.762,47600.6,12,0,5,1.0,24.01,36.87,53.29,87.38999999999999,99.61,94.07,Residential
COM-1368,28.454948,77.51436,5859,1520,3.85,612.7,8.0,9.9,8624.7,1.0,58050.2,69,2,3,0.0,4.49,46.46,64.63,91.59,97.05,85.81,Commercial
IND-1402,28.626919,77.361868,3075,715,4.3,254.7,3.4,5.26,1441.3,0.653,24818.4,4,22,0,1.0,6.405,60.94,47.1,91.98,100.0,35.39,Industrial
RES-1234,28.502629,77.581438,9720,2225,4.37,360.4,1.8,8.38,4147.6,0.726,47878.0,9,0,1,1.0,10.38,33.58,38.12,92.92,93.6,57.75,Residential
RES-1109,28.565192,77.415568,8895,1978,4.5,317.9,2.9,5.79,4434.3,0.818,38439.5,19,1,3,1.0,19.65,39.41,45.8,91.61,100.0,86.95,Residential
IND-1477,28.401967,77.493465,701,227,3.08,192.8,1.3,3.6,2029.9,0.658,18302.0,1,17,0,0.0,8.94,83.17,57.19,90.89,97.62,68.47,Industrial
RES-1145,28.569941,77.397455,7573,1736,4.36,638.1,3.6,9.54,4444.3,0.845,29104.3,16,0,4,4.0,22.63,28.15,44.43,100.0,88.62,44.64,Residential
IND-1456,28.40288,77.47485,1654,393,4.2,272.1,2.6,4.31,3131.3,0.67,38445.8,9,10,0,0.0,5.86,84.71,70.22,81.07,94.07,58.06,Industrial
RES-1152,28.591902,77.424037,10993,2772,3.97,433.8,4.6,9.39,3993.5,0.753,38671.9,14,0,2,0.0,26.39,34.25,39.01,97.59,95.08,63.19,Residential
COM-1253,28.507941,77.40713,5954,2126,2.8,807.5,6.5,12.86,10796.4,0.856,54425.9,91,1,2,1.0,8.56,37.06,50.23,89.26,98.36,88.83,Commercial
RES-1218,28.494185,77.569193,10727,2394,4.48,342.0,2.1,8.75,3885.5,0.741,34893.2,9,0,4,1.0,22.61,17.64,54.52,73.88,98.78,43.57,Residential
RES-1083,28.442226,77.355117,5746,1330,4.32,442.0,1.9,10.92,4559.2,0.743,47354.4,11,0,0,1.0,29.14,30.34,30.41,87.46,99.55,70.07,Residential
COM-1296,28.533061,77.393272,5567,1539,3.62,672.7,9.1,9.82,9305.4,0.837,63878.3,86,1,1,1.0,0.38,53.24,97.84,92.01,99.47,86.17,Commercial
RES-1165,28.600935,77.440617,14071,3396,4.14,390.4,2.0,8.97,3867.4,0.806,20024.9,2,0,2,2.0,22.46,49.54,23.69,89.33,96.08,39.21,Residential
COM-1248,28.54141,77.389779,3921,1066,3.68,629.3,6.1,15.0,11053.4,0.831,66785.6,79,0,2,2.0,1.01,51.65,92.17,94.34,99.6,82.44,Commercial
RES-1228,28.500282,77.522525,8739,2018,4.33,416.6,3.9,5.74,3948.0,0.739,47116.4,8,0,1,0.0,19.96,34.78,34.34,76.68,97.61,28.65,Residential
RES-1074,28.410704,77.364451,4657,1118,4.16,585.2,2.4,12.9,2799.0,0.694,43455.1,9,0,5,0.0,22.89,26.64,39.17,84.62,94.63,61.24,Residential
IND-1399,28.596646,77.314112,2007,356,5.63,170.2,1.8,6.35,2699.1,0.681,27358.3,10,19,1,0.0,5.49,77.21,48.21,87.66,92.07,40.45,Industrial
COM-1266,28.521268,77.374672,3090,658,4.69,506.7,3.6,12.0,7081.9,0.941,53198.8,112,1,2,1.0,0.0,38.82,70.79,100.0,96.07,80.41,Commercial
RES-1238,28.493182,77.549265,5030,1007,5.0,578.6,2.8,8.76,5205.2,0.908,36942.6,16,1,2,1.0,24.88,37.79,35.4,89.72,100.0,29.24,Residential
RES-1119,28.580283,77.422144,8950,1840,4.86,302.1,4.3,10.1,5131.7,0.763,54707.5,9,1,3,2.0,12.22,35.28,21.3,100.0,97.23,60.29,Residential
COM-1277,28.508619,77.382698,4673,1302,3.59,555.2,7.0,11.65,10192.0,0.904,65491.8,76,0,2,2.0,8.7,46.66,85.23,84.47,97.26,80.46,Commercial
COM-1294,28.537724,77.406711,3513,884,3.97,446.0,11.7,12.48,9206.9,0.817,28619.7,83,2,3,2.0,8.74,51.65,83.36,92.55,96.38,81.39,Commercial
IND-1441,28.403072,77.460571,1958,483,4.05,112.4,2.8,6.05,2356.7,0.655,26667.6,3,9,0,0.0,6.82,90.32,59.89,78.74,90.74,47.01,Industrial
COM-1347,28.470788,77.48299,2182,503,4.34,519.8,8.0,11.98,12565.1,0.855,66536.5,40,0,3,0.0,16.24,48.89,76.75,92.08,100.0,88.09,Commercial
COM-1351,28.455911,77.478385,6187,1940,3.19,397.0,1.0,13.65,8665.6,0.925,62123.0,70,1,1,0.0,12.97,58.96,78.78,92.06,96.65,85.95,Commercial
COM-1244,28.516059,77.39088,7122,1957,3.64,725.2,4.6,20.84,9460.0,0.849,71631.1,72,0,2,2.0,7.45,41.18,56.97,96.32,97.54,73.98,Commercial
RES-1222,28.498085,77.535515,13068,2849,4.59,268.3,1.9,6.52,3662.7,0.701,51429.4,12,0,1,1.0,23.36,22.33,48.09,86.42,96.05,34.64,Residential
IND-1375,28.644984,77.344222,1231,314,3.92,212.1,2.9,7.79,4037.9,0.74,38464.6,7,19,0,0.0,8.31,79.02,44.79,75.03,92.43,67.64,Industrial
IND-1406,28.608412,77.331828,1877,538,3.49,231.6,2.3,5.91,3342.0,0.676,26043.2,0,11,1,1.0,4.87,88.06,56.83,61.38,81.47,66.97,Industrial
RES-1036,28.453133,77.335142,6299,1250,5.04,295.8,2.5,8.92,3970.5,0.819,40313.3,6,0,6,0.0,27.51,45.41,38.79,88.47,94.84,74.63,Residential
RES-1196,28.503789,77.562233,8503,2010,4.23,402.8,1.2,10.46,4121.3,0.824,49697.6,7,1,3,0.0,21.31,31.31,39.0,96.02,90.02,37.54,Residential
RES-1139,28.586408,77.449375,10062,1962,5.13,492.0,4.2,10.03,3166.6,0.78,36123.0,16,0,2,1.0,23.62,44.58,35.89,91.16,92.56,61.97,Residential
COM-1357,28.479635,77.512855,1047,240,4.35,465.2,4.7,13.97,9413.1,0.847,46149.9,96,0,1,0.0,0.46,28.48,95.88,92.39,98.22,80.95,Commercial
IND-1412,28.621368,77.318366,1623,429,3.78,147.1,1.0,6.96,2515.6,0.602,30419.3,5,8,1,0.0,7.29,78.93,77.95,86.79,91.31,51.24,Industrial
COM-1280,28.507904,77.392226,2703,681,3.96,468.1,5.1,16.63,8830.2,0.789,83216.2,127,1,0,1.0,8.13,52.72,68.25,83.83,95.24,73.16,Commercial
COM-1281,28.521135,77.419879,5830,1544,3.78,572.0,6.4,11.55,9341.1,0.836,67344.3,126,2,1,0.0,9.07,62.15,100.0,92.08,97.69,83.32,Commercial
RES-1059,28.464633,77.354455,9875,2094,4.71,456.1,2.3,9.18,4599.8,0.83,54081.6,14,1,3,2.0,20.88,32.99,45.93,88.6,91.84,68.27,Residential
RES-1111,28.581153,77.414993,4964,1146,4.33,454.6,2.5,6.7,4147.6,0.839,27932.0,15,1,2,1.0,19.2,31.29,48.56,91.65,94.23,56.36,Residential
COM-1287,28.512058,77.394365,4604,1275,3.61,618.4,5.8,12.13,8357.3,0.855,61722.9,96,0,1,1.0,8.14,65.82,92.69,83.53,94.42,80.95,Commercial
IND-1409,28.629463,77.31999,1674,327,5.11,222.5,2.8,4.28,1245.2,0.642,8030.4,4,18,0,0.0,9.85,72.22,38.83,75.61,85.39,40.21,Industrial
RES-1006,28.473688,77.354442,9041,2009,4.5,470.2,3.1,9.54,4147.6,0.781,40136.4,5,1,4,0.0,21.33,30.63,34.71,91.6,91.76,64.98,Residential
COM-1353,28.483934,77.516915,5524,1505,3.67,583.4,6.1,14.55,9460.0,0.71,58281.7,63,0,1,2.0,5.39,38.19,67.87,98.8,97.73,74.04,Commercial
IND-1423,28.635324,77.294315,3427,1007,3.4,196.7,1.6,5.41,3141.0,0.629,29205.1,0,10,0,0.0,4.69,60.21,48.34,74.06,97.14,73.52,Industrial
COM-1332,28.468694,77.513798,4284,1253,3.42,601.5,5.7,12.83,8263.7,0.727,66161.2,63,0,2,2.0,5.15,50.22,86.76,87.73,95.63,92.6,Commercial
RES-1158,28.563636,77.436891,8461,1997,4.24,411.4,2.6,9.75,5211.9,0.672,31599.7,14,0,4,0.0,22.475,36.8,38.89,87.38999999999999,100.0,72.92,Residential
RES-1150,28.577985,77.424621,8131,1772,4.59,432.9,3.7,9.76,5142.6,0.826,40976.8,6,0,2,1.0,23.58,37.54,48.47,80.65,95.69,92.48,Residential
RES-1177,28.501893,77.518415,11226,2636,4.26,473.8,5.4,9.38,4839.5,0.629,36227.9,18,0,5,2.0,13.4,24.33,47.64,97.04,100.0,60.51,Residential
IND-1386,28.63173,77.334433,2210,1105,2.0,169.3,1.7,6.64,3931.8,0.681,26474.4,9,16,1,0.0,6.405,76.83,67.09,77.02,100.0,52.86,Industrial
RES-1184,28.491748,77.534841,3951,738,5.35,528.5,3.4,6.75,5653.3,0.808,45459.5,20,0,3,0.0,27.04,30.36,47.42,80.36,98.11,84.07,Residential
COM-1278,28.540263,77.404018,5084,1221,4.16,445.9,4.5,9.43,10656.1,0.746,57426.6,54,1,1,1.0,3.0,32.34,72.65,82.17,97.7,80.38,Commercial
RES-1010,28.443049,77.328769,7017,1574,4.46,452.2,5.4,8.66,3897.8,0.78,33861.7,10,1,2,1.0,28.55,34.88,43.09,87.81,96.42,67.7,Residential
IND-1373,28.617239,77.32368,1803,392,4.6,213.1,2.1,5.32,605.0,0.809,32273.3,4,12,0,2.0,3.45,86.1,39.26,69.0,97.29,52.13,Industrial
RES-1103,28.593453,77.418356,8428,1984,4.25,503.3,2.7,7.05,4147.6,0.723,30650.5,11,0,0,1.0,27.73,23.82,44.2,93.43,99.29,68.61,Residential
RES-1081,28.455357,77.337763,7869,1531,5.14,447.1,1.4,9.35,4113.0,0.739,42058.2,14,0,5,1.0,22.02,41.53,45.82,77.06,96.45,61.73,Residential
RES-1038,28.430077,77.351495,6932,1483,4.67,439.7,5.1,5.84,1814.1,0.711,32898.1,13,0,3,0.0,23.6,35.26,31.13,77.06,88.97,62.84,Residential
IND-1408,28.597293,77.331497,3258,736,4.42,202.2,2.2,6.29,1891.1,0.689,29205.1,7,6,0,0.0,7.75,80.61,81.57,74.91,74.95,61.71,Industrial
RES-1167,28.576862,77.467066,6880,1762,3.9,451.7,1.9,8.76,4943.4,0.602,39690.3,4,0,5,1.0,14.55,39.42,41.09,79.22,89.09,82.34,Residential
IND-1459,28.397925,77.477428,2835,738,3.84,130.6,2.4,3.38,2894.4,0.774,27105.9,4,17,0,0.0,3.22,57.47,65.29,76.35,92.73,20.17,Industrial
COM-1291,28.558235,77.404579,5524,1339,4.12,712.8,5.4,19.97,10570.1,0.829,68308.6,95,0,0,2.0,7.52,29.78,78.01,98.09,93.2,78.95,Commercial
COM-1367,28.449822,77.492066,4596,1328,3.46,750.0,8.9,19.41,8184.9,0.88,84013.6,77,3,2,0.0,7.75,47.25,96.66,91.66,91.79,83.42,Commercial
RES-1198,28.506663,77.547253,8493,1957,4.34,488.2,1.0,8.23,5054.6,0.78,38671.9,8,0,1,1.0,25.25,34.78,44.11,87.88,86.78,50.02,Residential
COM-1354,28.460926,77.47079,6585,1980,3.32,697.3,6.7,13.35,8504.0,0.83,71582.3,146,0,1,3.0,6.76,58.1,57.08,91.26,98.42,79.51,Commercial
COM-1250,28.531347,77.414907,4860,1361,3.57,419.7,7.1,18.02,9424.4,0.785,53572.8,88,2,1,1.0,1.5,67.43,66.4,86.43,98.73,77.16,Commercial
COM-1247,28.529785,77.406483,2498,540,4.62,675.6,12.9,14.54,11165.9,0.842,78575.8,21,1,3,1.0,15.77,49.82,80.0,85.91,100.0,76.29,Commercial
RES-1194,28.47336,77.557672,10108,2192,4.61,437.4,1.3,11.4,2850.9,0.78,29842.4,13,0,2,1.0,21.25,41.77,43.7,88.39,88.81,51.98,Residential
RES-1089,28.457699,77.390803,8287,2078,3.99,354.7,2.6,10.47,4148.7,0.708,31464.5,12,1,4,1.0,20.65,40.88,28.8,96.04,89.13,60.32,Residential
RES-1146,28.600887,77.423806,7418,1566,4.74,305.3,4.2,9.4,4696.3,0.758,49713.4,6,0,3,0.0,22.475,34.78,49.52,76.4,100.0,55.8,Residential
RES-1163,28.591695,77.410194,9112,2337,3.9,327.3,3.2,6.04,4043.1,0.76,38464.2,9,0,2,1.0,20.73,48.05,36.25,100.0,88.93,58.87,Residential
COM-1255,28.516284,77.392887,2416,810,2.98,581.9,8.6,18.67,11747.8,0.904,58893.6,47,0,0,0.0,7.58,49.0,83.3,96.19,94.69,79.8,Commercial
RES-1147,28.576249,77.427015,3591,929,3.86,466.6,2.7,8.59,4506.5,0.758,45974.9,16,0,3,2.0,16.92,36.64,29.79,84.33,89.27,45.53,Residential
RES-1002,28.459715,77.339469,5644,1132,4.98,440.2,2.1,9.45,4057.8,0.672,49575.8,12,0,2,1.0,25.23,39.33,41.81,90.26,98.6,27.41,Residential
RES-1092,28.569374,77.401485,9146,2210,4.14,448.3,4.0,10.65,2829.9,0.677,40939.9,8,0,4,2.0,20.83,31.69,20.33,84.79,85.66,36.77,Residential
IND-1392,28.602987,77.336916,826,168,4.9,169.2,2.0,6.23,2829.0,0.536,40486.1,4,17,0,0.0,6.45,79.69,60.5,77.12,100.0,68.07,Industrial
RES-1069,28.440323,77.359848,8890,2158,4.12,291.7,4.0,11.19,4033.6,0.647,47507.1,4,0,1,2.0,25.6,39.06,54.78,82.9,92.71,49.61,Residential
COM-1305,28.49473,77.408151,2588,709,3.65,633.6,7.6,14.54,11410.8,0.899,44140.4,102,1,0,0.0,5.82,46.06,71.17,99.5,94.67,80.51,Commercial
RES-1123,28.584307,77.427513,9558,2124,4.5,470.8,4.2,9.4,4147.6,0.67,38671.9,13,0,1,0.0,31.13,27.14,27.91,83.68,97.61,61.16,Residential
COM-1361,28.464633,77.518182,4218,1841,2.29,520.3,9.0,15.91,8601.8,0.807,55645.5,66,2,1,1.0,14.71,62.41,73.47,92.08,99.17,82.78,Commercial
RES-1096,28.584007,77.407856,7565,1719,4.4,343.7,4.8,9.91,3717.8,0.804,41360.8,8,0,2,1.0,21.3,38.89,39.43,85.27,96.21,59.96,Residential
RES-1143,28.593787,77.418411,5932,1548,3.83,463.7,3.2,7.86,3374.2,0.895,37598.4,17,0,2,1.0,33.92,28.73,54.95,98.66,95.69,87.11,Residential
RES-1239,28.49672,77.547595,7086,1626,4.36,317.3,1.9,10.03,4367.8,0.844,38578.2,8,0,2,0.0,30.98,27.82,29.2,82.38,94.1,71.09,Residential
COM-1268,28.533853,77.410064,4058,919,4.41,501.9,6.2,15.55,9460.0,0.78,47491.7,80,1,0,1.0,18.81,46.83,58.0,91.26,97.79,80.95,Commercial
RES-1097,28.587631,77.426361,7667,1744,4.4,550.3,3.6,8.05,2663.4,0.78,42854.8,0,0,3,0.0,23.29,22.62,52.19,89.11,90.33,51.16,Residential
IND-1374,28.608417,77.33932,1723,415,4.15,224.7,1.9,6.11,2981.2,0.648,34064.0,4,14,0,1.0,8.59,80.31,57.26,80.94,89.13,36.38,Industrial
RES-1122,28.594297,77.429571,10615,2388,4.44,451.9,1.0,8.91,2853.1,0.717,52967.7,12,0,2,0.0,24.8,38.63,36.99,100.0,98.41,66.42,Residential
RES-1183,28.487519,77.549037,13525,3057,4.42,545.2,4.1,5.94,3351.7,0.787,40397.2,4,0,1,0.0,22.475,44.3,31.22,97.18,88.72,66.22,Residential
RES-1202,28.507834,77.550678,8705,2229,3.91,475.3,2.1,10.83,3888.2,0.78,30392.7,17,0,1,2.0,15.65,28.24,48.73,81.79,98.76,60.29,Residential
COM-1246,28.508915,77.379899,3390,1330,2.55,618.1,6.8,12.43,9943.2,0.942,61201.4,58,0,0,2.0,7.89,32.76,86.07,97.76,94.49,92.9,Commercial
IND-1383,28.626,77.358779,3414,904,3.77,165.5,1.9,6.29,1791.2,0.816,41570.4,8,13,0,0.0,10.92,72.11,47.5,68.66,93.78,48.46,Industrial
IND-1464,28.396502,77.461941,2732,821,3.33,208.0,1.7,7.73,2610.0,0.714,19540.2,5,16,1,1.0,6.405,73.7,60.99,69.08,86.32,40.77,Industrial
IND-1377,28.630492,77.311453,291,68,4.29,155.8,1.5,5.52,2667.5,0.694,41472.7,5,16,1,0.0,8.52,78.93,81.52,77.38,84.08,61.01,Industrial
IND-1394,28.593088,77.342129,2969,700,4.24,229.7,2.8,6.18,2879.3,0.721,37216.4,0,15,0,1.0,9.09,77.21,66.86,70.54,89.42,46.77,Industrial
IND-1388,28.619701,77.325319,2865,761,3.77,144.9,2.2,8.46,1968.6,0.83,35003.1,6,23,2,0.0,6.17,74.54,44.63,64.84,85.8,43.07,Industrial
IND-1414,28.593291,77.322515,1538,530,2.9,141.9,2.6,6.33,2260.0,0.624,30580.4,6,10,1,0.0,12.58,72.9,78.8,71.88,89.93,22.53,Industrial
RES-1125,28.585423,77.41186,10354,2440,4.24,394.5,4.0,9.26,2895.3,0.838,42277.0,17,0,1,0.0,32.48,34.78,42.51,74.84,100.0,57.52,Residential
COM-1297,28.534232,77.403578,9169,2082,4.4,700.2,5.4,10.34,9460.0,0.741,67996.8,111,1,0,1.0,13.78,26.0,85.48,99.66,94.49,80.95,Commercial
RES-1223,28.491591,77.574437,4745,1041,4.56,463.1,3.4,5.84,2048.7,0.796,22706.9,8,1,2,2.0,18.63,38.3,34.16,97.72,95.78,45.32,Residential
IND-1411,28.661883,77.333082,2226,666,3.34,124.3,3.6,7.12,3531.3,0.844,22006.4,8,14,1,0.0,4.33,77.35,54.61,75.81,93.49,47.9,Industrial
RES-1219,28.493796,77.516748,7128,1294,5.51,241.5,2.1,10.29,3504.7,0.831,35555.0,13,0,3,1.0,22.475,25.45,40.14,68.17,93.81,12.35,Residential
RES-1129,28.576878,77.412919,6361,1523,4.17,500.2,4.0,6.52,4262.4,0.78,45394.2,13,0,3,1.0,15.36,33.35,56.55,91.06,96.77,60.29,Residential
IND-1465,28.393232,77.483379,1563,299,5.23,191.9,1.0,5.85,3237.7,0.57,31266.1,9,13,0,0.0,5.2,98.08,56.54,87.74,88.05,67.22,Industrial
COM-1284,28.537496,77.380921,5347,1787,2.99,695.8,2.4,16.48,8410.9,0.809,59622.1,75,0,0,1.0,5.61,59.51,94.42,84.87,94.31,85.37,Commercial
COM-1323,28.450431,77.483771,4067,1244,3.27,551.9,5.8,12.33,8427.6,0.888,67120.6,32,0,1,3.0,9.3,45.51,85.24,95.63,94.07,93.79,Commercial
COM-1369,28.46503,77.498409,4608,1192,3.86,580.6,9.6,12.94,8810.4,0.798,79229.8,107,0,0,1.0,2.37,50.97,57.13,95.85,100.0,95.66,Commercial
COM-1286,28.487327,77.41594,4168,1054,3.95,589.9,8.8,16.23,8877.4,0.768,59433.8,135,0,2,2.0,7.89,39.29,88.21,96.31,100.0,80.43,Commercial
IND-1487,28.409286,77.479555,1816,491,3.7,147.0,2.6,5.79,3335.2,0.742,23062.4,7,17,1,0.0,6.405,85.53,51.42,59.76,81.24,50.26,Industrial
COM-1289,28.52719,77.419391,8088,2387,3.39,630.8,8.5,15.31,11187.4,0.927,77385.8,118,0,1,3.0,13.45,65.92,70.89,96.09,94.82,90.77,Commercial
IND-1415,28.642541,77.356173,940,340,2.76,165.0,2.4,4.76,2667.5,0.634,27095.6,13,13,0,0.0,8.87,80.87,64.09,61.71,84.13,29.26,Industrial
COM-1334,28.477811,77.491087,4547,1177,3.86,487.1,9.0,17.49,8039.0,0.845,61344.55,103,1,0,2.0,8.94,68.42,78.52,92.08,98.37,92.38,Commercial
RES-1112,28.576627,77.437597,6621,1440,4.6,465.6,4.0,7.81,4147.6,0.819,36263.9,12,1,1,0.0,25.84,31.71,56.49,80.27,89.48,44.6,Residential
RES-1179,28.530703,77.570795,7921,1634,4.85,436.3,3.2,9.37,4541.7,0.883,32488.9,13,0,2,0.0,25.51,40.3,34.49,97.17,94.18,70.52,Residential
COM-1302,28.509695,77.423017,1806,462,3.9,733.7,6.1,16.07,10101.6,0.916,61344.55,69,1,1,2.0,2.03,67.58,100.0,90.18,94.71,75.26,Commercial
COM-1333,28.498198,77.515284,4252,1103,3.85,685.9,8.3,9.64,8595.0,0.776,61344.55,98,0,2,1.0,8.47,54.55,66.83,88.78,98.02,76.45,Commercial
COM-1324,28.456596,77.493951,4328,1374,3.15,454.3,6.8,13.9,8431.3,0.891,34818.1,49,0,2,1.0,8.57,65.61,94.5,88.86,97.37,95.11,Commercial
IND-1471,28.403107,77.473641,1890,457,4.13,121.9,1.0,4.66,1604.4,0.806,34574.4,7,14,1,0.0,5.64,69.97,67.18,78.88,90.01,60.0,Industrial
COM-1352,28.489988,77.514382,3731,877,4.25,522.5,2.6,15.78,11355.6,0.88,62810.1,131,1,1,1.0,4.88,55.34,87.76,93.93,95.63,78.87,Commercial
RES-1233,28.515353,77.531414,8001,1663,4.81,465.1,3.3,6.9,4713.5,0.843,39772.5,2,0,3,1.0,26.08,27.52,47.84,92.36,92.48,63.96,Residential
IND-1438,28.409573,77.48245,2817,699,4.03,173.8,2.2,4.23,2508.2,0.641,12587.8,2,15,0,0.0,4.48,79.76,58.23,68.89,88.63,35.45,Industrial
RES-1164,28.599655,77.411065,10332,2165,4.77,467.1,2.0,10.68,4402.8,0.77,44787.4,6,0,2,1.0,16.29,29.14,29.61,79.04,92.19,89.59,Residential
RES-1136,28.598986,77.382046,8002,1930,4.15,377.0,2.2,6.53,3030.4,0.749,38671.9,10,1,2,1.0,24.12,44.27,20.91,82.59,92.35,52.11,Residential
RES-1197,28.520768,77.549279,10363,2260,4.59,571.7,1.8,7.67,4693.5,0.736,41589.1,20,0,0,1.0,19.69,41.05,39.43,68.14,89.25,79.21,Residential
COM-1258,28.529414,77.403412,4422,1042,4.24,535.6,4.8,13.95,9460.0,0.897,66479.5,54,2,2,2.0,10.04,48.47,92.93,97.7,92.99,67.22,Commercial
RES-1232,28.50235,77.548449,12509,3267,3.83,479.0,2.3,5.18,6165.7,0.632,37092.2,10,0,1,0.0,25.31,30.29,39.94,88.32,94.13,58.28,Residential
RES-1115,28.586629,77.426716,9128,2221,4.11,584.1,4.7,14.1,3517.4,0.78,41463.7,7,1,2,0.0,15.11,31.89,43.61,97.31,100.0,84.43,Residential
RES-1120,28.590623,77.445988,9760,1999,4.88,434.2,2.4,7.92,4147.6,0.866,25312.1,13,0,3,0.0,29.24,15.09,28.38,85.13,92.92,52.21,Residential
COM-1342,28.46724,77.507583,2469,915,2.7,634.2,9.9,17.17,8451.1,0.946,30953.7,56,0,0,3.0,2.51,60.92,77.02,97.28,97.67,78.07,Commercial
RES-1224,28.456058,77.541273,10770,2155,5.0,521.4,2.2,7.17,3829.0,0.774,48489.3,16,0,4,0.0,22.475,33.29,32.51,92.46,94.41,100.0,Residential
IND-1395,28.628096,77.326035,2437,692,3.52,225.1,1.8,6.23,1675.9,0.586,27983.6,6,10,0,0.0,7.16,77.21,50.43,66.18,88.81,77.28,Industrial
COM-1331,28.469516,77.502788,4329,1355,3.19,480.4,6.3,14.11,13034.0,0.851,59263.4,130,0,2,0.0,10.39,46.59,73.69,89.78,95.46,88.64,Commercial
RES-1127,28.581628,77.410687,6059,1211,5.0,421.4,2.2,7.39,4147.6,0.78,38671.9,16,1,0,0.0,20.58,34.78,32.44,74.82,94.67,28.07,Residential
COM-1285,28.527965,77.403171,6953,2287,3.04,544.8,5.6,11.45,8903.7,0.86,84914.4,43,0,0,0.0,1.3,65.07,79.51,92.35,100.0,79.37,Commercial
IND-1404,28.613235,77.327306,2526,596,4.24,210.9,1.0,7.44,2412.3,0.815,36844.9,1,11,0,1.0,0.03,77.21,60.74,81.46,93.68,56.18,Industrial
RES-1107,28.569213,77.44398,10084,2084,4.84,589.4,3.1,11.02,3006.6,0.799,45347.6,12,0,2,1.0,22.475,12.34,45.84,84.49,90.44,57.77,Residential
IND-1461,28.447367,77.494339,1708,395,4.32,170.0,2.6,5.72,2978.0,0.555,28679.8,4,12,0,0.0,9.73,78.72,21.38,77.81,91.55,47.2,Industrial
COM-1320,28.484758,77.494565,6477,2463,2.63,590.0,9.9,13.17,6977.3,0.888,74519.3,96,1,0,2.0,11.87,45.21,72.2,86.8,88.14,72.85,Commercial
RES-1133,28.581393,77.423589,7322,2251,3.25,552.6,1.5,11.51,4147.6,0.719,40043.1,8,1,1,1.0,15.66,34.78,36.42,96.95,98.38,39.67,Residential
COM-1356,28.478061,77.487842,4130,1293,3.19,594.9,3.0,11.48,7543.7,0.812,75670.0,87,0,0,2.0,8.55,60.9,81.37,96.37,100.0,78.84,Commercial
RES-1044,28.427822,77.336209,6961,1377,5.05,409.5,4.9,8.83,2933.2,0.872,49364.0,21,0,5,0.0,25.22,32.08,42.25,87.38999999999999,100.0,67.67,Residential
IND-1451,28.409665,77.503528,1226,324,3.78,130.6,2.4,7.92,3315.4,0.711,23530.1,5,11,0,0.0,5.51,72.26,43.33,81.77,99.35,33.0,Industrial
RES-1065,28.470344,77.339285,7264,1678,4.33,573.2,4.0,11.88,3921.4,0.866,52356.5,19,0,3,1.0,10.15,42.42,35.47,80.93,99.94,40.2,Residential
COM-1283,28.517875,77.40237,4279,1235,3.46,612.3,5.2,14.54,11948.0,0.865,61344.55,80,1,1,1.0,12.79,39.8,61.49,87.55,98.05,68.8,Commercial
RES-1085,28.442474,77.362408,5254,1347,3.9,510.3,3.3,7.58,5193.0,0.755,43189.7,6,0,6,0.0,13.09,37.26,50.89,100.0,92.79,48.72,Residential
COM-1242,28.499068,77.381332,4624,1282,3.6,629.3,7.6,12.94,9460.0,0.864,63498.8,89,0,0,3.0,9.83,61.12,85.73,87.01,95.9,80.95,Commercial
RES-1186,28.512611,77.572953,9409,2362,3.98,398.5,2.1,10.73,5392.9,0.82,43605.6,10,1,1,0.0,16.6,41.8,42.17,85.58,97.46,62.08,Residential
RES-1159,28.573838,77.419229,6918,1471,4.7,503.0,3.1,7.79,3899.3,0.674,37491.8,15,0,2,2.0,36.47,40.54,31.03,87.73,94.0,60.29,Residential
RES-1012,28.453629,77.344859,8471,1631,5.19,580.6,2.4,10.6,3966.4,0.813,56391.2,13,0,3,1.0,15.45,35.96,42.41,99.63,90.78,71.08,Residential
RES-1035,28.431687,77.382857,9669,2168,4.46,407.8,1.6,4.52,4295.8,0.991,41939.6,9,0,3,1.0,21.41,37.39,46.48,86.03,92.52,63.58,Residential
RES-1028,28.44099,77.367142,9133,1900,4.81,535.5,6.6,5.13,4378.3,0.731,45874.6,19,0,2,1.0,15.38,30.16,28.04,87.38999999999999,99.94,74.25,Residential
RES-1170,28.507371,77.548629,8727,1975,4.42,349.2,2.6,7.78,4823.6,0.721,38671.9,4,0,0,1.0,22.94,31.04,35.12,83.7,100.0,60.29,Residential
RES-1142,28.562095,77.41302,6307,1338,4.71,421.2,1.6,5.77,3189.7,0.741,35602.6,14,0,5,1.0,13.79,32.69,22.69,99.67,100.0,81.76,Residential
IND-1391,28.619843,77.348433,3925,957,4.1,139.7,2.8,5.73,2185.3,0.709,29205.1,8,9,1,1.0,9.43,87.25,29.06,71.76,80.18,40.02,Industrial
COM-1336,28.44861,77.484397,3851,1082,3.56,526.5,5.8,17.08,10795.2,0.835,91898.2,47,0,0,3.0,6.46,55.23,53.22,91.41,100.0,99.28,Commercial
RES-1221,28.481173,77.512601,9329,2311,4.04,375.5,1.4,8.78,5307.2,0.668,32414.4,17,1,2,0.0,8.62,24.18,37.01,88.9,96.96,64.37,Residential
RES-1095,28.556238,77.424202,8197,1652,4.96,499.2,3.7,9.33,5580.4,0.801,41861.5,11,0,4,0.0,23.51,24.32,43.1,75.74,97.86,67.13,Residential
RES-1051,28.444224,77.369607,8476,1804,4.7,348.8,5.3,7.64,3183.9,0.735,25874.0,13,0,3,1.0,26.91,39.29,65.58,96.04,92.17,71.13,Residential
COM-1240,28.527605,77.446153,5380,1223,4.4,510.7,11.5,17.96,12632.7,0.857,52395.3,102,0,2,2.0,3.07,57.43,93.03,94.69,97.15,85.02,Commercial
COM-1365,28.436921,77.510745,6147,1788,3.44,662.0,3.4,13.5,9460.0,0.891,81589.2,127,0,1,3.0,1.14,34.29,84.77,88.48,97.9,63.64,Commercial
IND-1371,28.628611,77.325154,2754,901,3.06,187.1,1.0,4.81,1755.8,0.797,31544.4,2,8,1,0.0,14.09,64.36,71.79,85.48,92.47,62.85,Industrial
RES-1178,28.496663,77.567304,5554,1111,5.0,564.8,3.5,10.63,4586.4,0.941,37821.6,10,1,3,1.0,22.88,22.59,39.47,87.38999999999999,89.72,39.52,Residential
RES-1041,28.452571,77.351028,3892,786,4.95,396.1,4.8,7.75,2333.9,0.79,33556.2,16,0,4,1.0,27.95,29.58,36.27,79.22,93.41,70.17,Residential
IND-1380,28.635783,77.355955,2748,771,3.56,217.5,1.0,4.75,1887.7,0.681,45469.0,6,18,1,1.0,0.0,63.42,33.93,77.32,91.04,17.42,Industrial
RES-1206,28.508606,77.554845,6169,1362,4.53,741.9,3.5,5.99,5064.3,0.78,39514.6,11,0,2,1.0,23.57,38.37,29.94,83.33,96.55,42.25,Residential
COM-1282,28.530284,77.412407,4930,1307,3.77,591.7,7.7,14.18,10261.1,0.892,56772.8,115,2,0,3.0,3.54,41.01,78.42,94.51,93.6,78.19,Commercial
COM-1254,28.52461,77.409487,4990,1053,4.74,607.3,8.2,14.27,9336.9,0.886,72579.3,114,2,0,1.0,6.86,49.33,98.08,90.93,100.0,87.91,Commercial
IND-1405,28.624409,77.355885,651,140,4.64,252.8,2.7,7.75,2716.6,0.89,13304.2,6,16,0,0.0,7.0,76.54,48.07,71.79,96.83,60.69,Industrial
RES-1004,28.446488,77.344118,7508,1920,3.91,512.1,2.6,4.05,3289.1,0.794,38671.9,12,0,3,0.0,23.02,30.39,44.0,84.74,100.0,51.97,Residential
COM-1256,28.539806,77.388423,4206,1363,3.08,717.8,5.4,10.01,9567.7,1.0,43103.2,97,0,2,0.0,20.39,48.43,92.72,90.39,93.16,82.64,Commercial
IND-1439,28.426165,77.501926,2481,780,3.18,124.1,1.6,5.96,2195.7,0.637,26792.4,6,19,1,0.0,0.0,76.48,68.79,72.59,88.62,61.13,Industrial
RES-1100,28.572754,77.428194,9305,1933,4.81,489.5,1.8,11.63,4059.7,0.707,38671.9,15,0,2,1.0,27.21,34.25,21.82,87.38999999999999,97.02,73.71,Residential
RES-1226,28.516332,77.547031,5858,1229,4.77,408.8,3.2,10.21,4683.9,0.742,44876.7,14,1,1,0.0,29.04,40.52,28.23,87.38999999999999,100.0,70.96,Residential
IND-1419,28.616183,77.312342,913,200,4.57,136.1,2.4,5.46,3378.8,0.793,27713.7,6,5,1,1.0,4.22,84.13,46.32,84.43,99.51,57.2,Industrial
RES-1213,28.523829,77.523785,5309,1331,3.99,289.2,2.9,8.11,4884.8,0.818,36840.8,13,0,4,0.0,27.68,31.33,42.19,93.86,96.89,60.29,Residential
RES-1171,28.508546,77.548787,11192,2511,4.46,414.6,3.6,8.98,4724.3,0.78,26670.2,8,0,4,0.0,23.06,31.02,50.74,89.37,92.58,59.25,Residential
RES-1098,28.556282,77.412892,7571,1787,4.24,514.4,2.9,7.42,3195.1,0.717,54452.3,16,0,2,1.0,31.47,43.66,20.49,87.32,95.14,43.62,Residential
COM-1292,28.527965,77.408811,4327,1260,3.43,663.2,6.8,10.5,6736.6,0.814,63158.8,80,0,1,0.0,3.59,53.48,86.23,92.08,98.44,64.71,Commercial
RES-1215,28.482885,77.557131,5154,1124,4.58,502.4,2.8,7.19,4549.5,0.827,38905.1,0,0,3,1.0,15.2,34.78,34.29,67.6,93.36,71.74,Residential
RES-1061,28.447215,77.355197,7747,1960,3.95,608.0,3.1,6.84,5243.4,0.673,31613.6,18,0,4,0.0,25.18,39.45,34.49,67.55,93.88,85.43,Residential
RES-1047,28.465857,77.345169,5628,1326,4.24,437.2,3.0,6.97,5777.0,0.922,41771.3,8,0,2,1.0,21.95,27.23,22.39,96.15,91.48,74.29,Residential
RES-1032,28.449798,77.371042,10098,2115,4.77,331.2,1.4,9.09,4170.5,0.702,29018.2,4,0,4,1.0,22.475,34.78,38.66,71.03,94.97,61.05,Residential
COM-1267,28.53197,77.383199,6178,1897,3.26,625.1,2.4,9.6,9460.0,0.769,58114.8,85,0,2,3.0,6.56,51.65,91.99,92.97,92.36,72.82,Commercial
COM-1327,28.45205,77.497247,3832,1296,2.96,729.6,6.8,10.98,7438.1,0.928,68888.2,47,0,1,1.0,7.89,51.35,66.42,93.39,93.82,79.69,Commercial
RES-1200,28.506998,77.56771,7345,1769,4.15,320.8,3.0,7.56,5870.0,0.645,43999.2,10,0,2,1.0,17.99,25.44,53.93,84.82,93.59,40.95,Residential
IND-1437,28.378352,77.484411,2276,651,3.49,125.6,1.8,6.73,3994.5,0.705,39898.8,4,15,0,0.0,0.43,82.42,36.61,89.97,100.0,28.8,Industrial
RES-1027,28.455635,77.33247,9130,2005,4.55,618.9,3.5,6.69,4178.3,0.72,30013.2,13,0,1,1.0,25.05,43.32,43.95,82.38,98.93,43.98,Residential
IND-1382,28.616596,77.332931,2915,805,3.62,196.7,2.2,4.81,3167.2,0.663,24154.1,1,9,0,0.0,11.42,81.7,44.37,87.88,80.28,41.91,Industrial
RES-1230,28.525436,77.572461,6187,1258,4.91,385.7,2.1,9.04,4663.8,0.954,29211.0,12,0,2,0.0,13.86,25.5,42.09,86.26,99.04,56.02,Residential
COM-1260,28.517625,77.387669,4021,1348,2.98,733.2,7.2,13.25,9309.7,0.825,55814.1,66,0,1,1.0,9.18,48.64,62.15,91.71,100.0,100.0,Commercial
COM-1288,28.511572,77.420267,4788,1356,3.53,636.5,4.6,10.16,9175.1,0.848,55247.6,72,1,0,1.0,8.64,55.38,82.06,96.1,98.6,97.91,Commercial
RES-1162,28.575379,77.406414,9047,2046,4.42,632.2,2.5,9.73,4178.8,0.824,37657.4,13,0,5,1.0,22.43,36.62,10.93,80.5,100.0,58.89,Residential
IND-1417,28.612741,77.333258,2172,581,3.73,177.6,1.6,5.88,2872.2,0.642,39879.5,9,17,2,1.0,3.33,72.02,43.18,80.27,94.36,21.38,Industrial
RES-1138,28.594542,77.436514,9450,2264,4.17,428.9,3.0,9.75,4930.3,0.782,44867.6,12,0,4,0.0,11.08,34.78,40.73,94.3,90.86,66.01,Residential
RES-1062,28.433405,77.3398,9110,2052,4.44,427.6,2.9,10.07,4147.6,0.81,26965.4,12,0,2,1.0,21.58,38.65,31.82,91.06,89.48,60.29,Residential
RES-1135,28.564585,77.406209,8469,2234,3.79,358.6,3.3,9.7,5406.4,0.78,34735.2,8,0,0,0.0,20.45,18.6,47.4,83.26,100.0,89.3,Residential
RES-1128,28.579502,77.417478,7641,1764,4.33,565.3,2.8,7.5,4386.5,0.673,40622.6,6,0,2,1.0,28.81,27.3,50.49,85.39,94.4,66.87,Residential
IND-1479,28.430769,77.497816,2064,468,4.41,213.4,2.3,9.08,3296.1,0.663,21511.4,11,12,1,0.0,6.62,74.19,40.28,76.58,98.15,36.59,Industrial
RES-1008,28.442958,77.350077,6137,1383,4.43,458.8,2.6,9.17,3039.0,0.737,38658.3,15,0,2,0.0,17.59,23.17,52.38,79.81,94.34,70.64,Residential
COM-1326,28.470183,77.513653,5536,1513,3.66,490.0,10.2,11.98,10488.4,0.92,66845.6,35,1,2,2.0,6.92,72.53,92.24,90.71,94.53,85.06,Commercial
IND-1454,28.387991,77.501507,1079,214,5.04,172.3,1.8,7.35,1906.6,0.799,25679.0,4,6,0,1.0,6.81,92.09,51.11,79.2,83.55,47.08,Industrial
RES-1064,28.462188,77.354396,5359,1096,4.89,508.1,2.6,9.24,4147.6,0.825,37735.0,11,0,2,1.0,22.39,29.85,38.3,71.46,88.1,48.86,Residential
COM-1300,28.512863,77.416448,3864,1283,3.01,556.8,6.7,11.9,10904.8,0.862,56245.7,58,0,1,4.0,9.43,60.06,66.02,98.89,96.66,92.83,Commercial
RES-1014,28.424126,77.347581,8380,1533,5.47,643.8,3.1,9.11,3978.8,0.78,34436.0,11,0,3,0.0,29.28,44.57,45.66,83.78,92.33,45.97,Residential
RES-1156,28.595488,77.425657,11961,3028,3.95,321.8,1.2,7.64,4714.9,0.78,27446.0,16,0,4,0.0,21.26,49.04,32.92,82.07,96.66,47.76,Residential
RES-1040,28.461077,77.32674,13092,3050,4.29,306.5,3.2,9.11,5321.5,0.734,33014.9,5,0,4,0.0,17.99,38.68,47.22,93.56,100.0,19.45,Residential
IND-1379,28.6377,77.32857,1920,458,4.18,177.9,1.9,3.25,2278.8,0.681,25047.9,3,12,1,0.0,4.52,79.23,58.99,70.68,92.59,48.53,Industrial
IND-1450,28.408499,77.474373,970,358,2.71,177.6,2.9,3.77,2361.2,0.681,19841.4,8,11,0,1.0,9.89,81.29,49.58,86.23,85.15,25.13,Industrial
IND-1396,28.615102,77.318387,3382,914,3.7,155.0,2.0,5.13,2432.9,0.792,33017.2,5,10,1,1.0,3.09,89.65,62.24,60.57,87.38,25.41,Industrial
RES-1216,28.498327,77.538067,6469,1469,4.4,494.7,3.0,9.08,5324.6,0.564,35095.1,13,1,2,1.0,24.1,28.56,48.52,87.38999999999999,100.0,59.64,Residential
COM-1279,28.510195,77.387647,1169,333,3.51,709.9,10.3,18.56,6655.6,0.879,63746.5,108,1,1,0.0,6.94,51.49,100.0,89.06,94.85,86.38,Commercial
IND-1425,28.604249,77.344781,1459,313,4.66,213.4,1.5,8.2,2834.5,0.712,28583.6,0,11,1,1.0,7.05,70.34,63.9,76.58,91.27,52.15,Industrial
IND-1421,28.62713,77.356744,2800,973,2.88,113.3,2.5,5.33,2659.9,0.744,19128.8,3,22,0,1.0,6.77,77.21,43.35,71.48,94.16,29.3,Industrial
COM-1337,28.475908,77.510482,6409,1707,3.75,566.9,6.4,12.85,8114.1,0.855,65948.5,84,2,2,3.0,7.18,61.25,100.0,92.08,100.0,77.31,Commercial
RES-1236,28.493823,77.560184,6284,1416,4.44,254.1,2.8,4.55,4116.4,0.718,42763.9,10,1,2,0.0,16.73,31.66,50.22,85.79,95.05,67.29,Residential
RES-1207,28.480855,77.549085,6595,1463,4.51,657.7,2.2,9.56,4616.2,0.754,40378.0,13,0,1,0.0,10.3,30.38,43.6,82.87,100.0,56.21,Residential
RES-1212,28.502115,77.575681,12224,2644,4.62,302.6,3.5,8.49,4998.8,0.781,25699.3,13,0,4,1.0,29.53,30.29,31.04,90.7,97.33,69.68,Residential
COM-1295,28.555155,77.392481,4426,1265,3.5,625.5,8.3,15.46,12814.7,0.899,61344.55,48,0,2,1.0,7.89,51.12,70.34,89.92,93.91,74.51,Commercial
IND-1448,28.395074,77.480787,1615,372,4.34,130.7,2.9,3.26,2675.1,0.738,31730.9,3,11,1,0.0,6.83,65.1,68.64,78.15,90.04,43.23,Industrial
COM-1251,28.491289,77.420609,6379,1973,3.23,542.4,1.9,14.77,9237.2,0.792,53134.8,103,2,1,4.0,0.0,51.65,68.45,88.85,92.47,80.95,Commercial
IND-1478,28.413273,77.498843,398,91,4.34,168.6,1.7,8.24,2999.3,0.713,24131.5,7,17,0,1.0,5.25,99.56,65.7,77.84,82.53,23.09,Industrial
IND-1449,28.416616,77.491697,2995,829,3.61,211.3,1.5,5.55,2250.1,0.65,36206.1,3,8,0,0.0,1.52,77.21,56.24,77.15,93.25,47.2,Industrial
COM-1303,28.499742,77.416836,4004,1419,2.82,575.2,7.4,15.0,11892.1,0.855,91157.2,103,1,0,0.0,0.0,51.65,82.71,92.08,97.63,91.58,Commercial
COM-1350,28.466752,77.496676,5847,1928,3.03,696.3,7.1,10.28,11299.7,0.894,78827.0,69,1,2,4.0,9.37,22.79,79.68,100.0,98.91,91.32,Commercial
COM-1269,28.504241,77.409057,6679,1761,3.79,628.9,6.5,14.56,10772.5,0.729,59151.5,82,1,2,2.0,7.08,58.21,60.06,96.82,96.88,66.35,Commercial
RES-1201,28.520193,77.54059,10886,2526,4.31,331.6,2.8,9.39,4401.8,0.78,40234.1,12,0,2,1.0,22.475,37.29,48.39,100.0,95.22,70.03,Residential
RES-1161,28.576776,77.438929,5858,1356,4.32,491.6,2.7,9.61,3282.3,0.824,34341.6,14,1,1,1.0,25.61,48.62,36.31,73.82,96.25,47.96,Residential
RES-1043,28.445483,77.357104,4452,926,4.81,454.2,2.3,12.59,3865.7,0.772,47512.1,11,0,1,1.0,17.47,36.09,36.0,78.5,90.96,32.54,Residential
RES-1217,28.487926,77.556366,5980,1781,3.36,546.3,3.4,11.48,4147.6,0.73,21940.3,11,0,3,0.0,16.93,43.61,27.71,79.46,91.58,78.04,Residential
IND-1401,28.598657,77.322258,1184,254,4.66,150.2,1.1,7.28,3419.5,0.681,29205.1,9,17,1,2.0,5.95,98.52,73.45,81.39,85.43,31.25,Industrial
RES-1190,28.49089,77.545095,8512,1811,4.7,545.9,4.3,7.39,2926.3,0.889,32095.5,8,0,4,1.0,24.92,37.59,29.6,88.47,92.84,76.56,Residential
COM-1309,28.512168,77.378999,4287,988,4.34,655.8,3.9,15.78,9305.3,0.754,84392.6,60,1,3,2.0,5.74,44.01,73.27,94.99,92.63,78.42,Commercial
COM-1259,28.515807,77.40954,5254,1456,3.61,627.5,4.0,15.59,8038.3,0.827,42302.8,47,2,0,1.0,5.4,51.65,100.0,92.08,100.0,84.58,Commercial
RES-1105,28.566632,77.41445,7145,1790,3.99,398.4,3.5,9.44,5503.6,0.899,35639.3,15,1,2,0.0,30.84,34.78,52.79,82.73,94.74,39.87,Residential
RES-1053,28.459175,77.35277,6566,1205,5.45,565.0,3.8,9.1,4640.4,0.858,52367.0,19,0,3,1.0,25.35,40.75,41.85,88.43,89.39,35.97,Residential
IND-1389,28.616282,77.324933,3711,757,4.9,136.2,2.1,3.12,4577.0,0.652,38945.0,4,6,0,0.0,5.63,69.63,74.07,76.58,88.74,55.92,Industrial
RES-1001,28.447926,77.36453,6114,1660,3.68,587.9,4.3,6.47,5576.6,0.643,34482.2,10,0,2,1.0,22.46,20.58,51.73,75.62,86.81,58.19,Residential
IND-1432,28.602285,77.323949,1520,559,2.72,188.3,1.4,6.54,2279.9,0.673,25053.1,0,21,0,1.0,6.75,79.95,77.74,80.27,99.09,25.4,Industrial
IND-1472,28.396411,77.480948,2309,676,3.41,162.1,1.0,6.86,3077.1,0.627,30482.3,7,20,0,0.0,8.18,83.71,40.94,64.73,81.75,47.2,Industrial
RES-1049,28.423554,77.331537,9495,2190,4.33,496.3,1.7,6.96,5344.4,0.925,38671.9,13,1,3,2.0,24.85,29.74,52.63,87.38999999999999,96.73,79.72,Residential
RES-1080,28.446705,77.336657,5960,1308,4.56,484.6,3.9,7.08,4389.9,0.855,44563.9,15,0,0,1.0,22.96,37.46,52.21,87.38999999999999,95.75,60.29,Residential
RES-1205,28.513336,77.529413,8631,2245,3.84,435.8,2.6,8.23,4147.6,0.782,32937.0,10,0,2,1.0,25.65,22.24,37.0,96.83,93.01,63.74,Residential
RES-1034,28.462338,77.358803,7306,1664,4.39,556.1,2.4,9.99,4147.6,0.704,39331.6,14,1,3,1.0,22.49,40.94,32.15,93.16,95.69,46.09,Residential
COM-1263,28.519789,77.39814,4963,1282,3.87,628.6,4.3,15.14,10139.3,0.961,46486.4,69,1,0,1.0,15.28,51.65,59.47,97.47,97.4,73.29,Commercial
COM-1366,28.490846,77.53487,5036,1720,2.93,729.7,6.3,16.22,9854.9,0.855,83548.0,88,0,1,0.0,18.84,66.68,70.9,86.73,96.89,95.89,Commercial
RES-1091,28.57909,77.444234,8628,2056,4.2,520.6,3.0,7.28,2982.6,0.891,61882.1,15,0,1,1.0,26.47,28.12,41.4,91.19,100.0,46.44,Residential
COM-1339,28.460525,77.495274,3418,926,3.69,547.0,4.7,14.17,10161.3,0.843,53191.0,74,0,2,3.0,0.0,51.65,53.7,84.64,94.08,76.95,Commercial
IND-1463,28.406197,77.46253,3478,1036,3.35,196.6,1.0,3.78,2373.5,0.707,19291.6,4,18,1,0.0,6.2,75.73,37.88,77.27,93.57,42.03,Industrial
RES-1052,28.439846,77.325888,8100,2029,3.99,311.9,1.7,9.36,3727.9,0.831,50380.0,5,1,5,1.0,22.475,44.49,34.36,80.89,92.04,61.13,Residential
COM-1345,28.484541,77.510181,4147,1272,3.26,687.8,8.3,16.82,13070.2,0.888,73508.9,55,0,0,2.0,13.02,60.16,81.57,100.0,100.0,100.0,Commercial
COM-1264,28.51906,77.384037,3516,888,3.96,664.0,7.7,15.93,8618.0,0.911,75664.6,63,2,1,1.0,12.71,51.65,83.91,94.4,96.71,89.25,Commercial
COM-1241,28.519139,77.420402,4191,1056,3.97,635.0,4.6,13.53,10622.0,0.867,53359.0,98,0,0,1.0,7.89,50.3,79.94,93.53,99.17,76.53,Commercial
RES-1013,28.421301,77.337966,5259,1390,3.78,536.3,3.4,8.96,4147.6,0.644,35097.3,19,0,3,0.0,20.1,27.22,66.02,84.8,99.15,69.23,Residential
COM-1315,28.493732,77.502095,2380,562,4.23,521.2,5.9,15.27,6110.9,0.869,49089.4,81,2,0,1.0,5.78,51.12,76.61,86.4,93.83,71.82,Commercial
RES-1088,28.442054,77.34603,7031,1541,4.56,403.8,4.3,8.6,3872.7,0.88,47652.1,10,1,3,0.0,13.8,38.93,35.11,85.02,93.34,76.14,Residential
IND-1387,28.606326,77.321618,1317,374,3.52,20.0,1.4,8.58,2667.5,0.922,28793.4,8,15,2,0.0,5.27,93.74,55.28,70.05,77.15,52.88,Industrial
COM-1273,28.529296,77.394401,1371,429,3.19,465.5,7.3,9.79,10178.5,0.869,51526.7,90,1,4,0.0,4.63,40.0,87.72,90.62,94.39,66.67,Commercial
RES-1166,28.571567,77.387965,8863,2068,4.29,488.3,3.9,7.84,4081.7,0.787,33146.4,13,0,5,1.0,23.55,41.2,27.63,95.05,93.73,67.58,Residential
COM-1328,28.466017,77.481862,4708,1165,4.04,543.2,1.0,14.13,9085.2,0.792,90899.1,84,0,1,1.0,15.81,46.6,73.02,87.33,94.85,70.08,Commercial
IND-1482,28.395914,77.48745,2319,599,3.87,194.8,1.1,4.27,2770.9,0.719,29205.1,3,8,0,0.0,9.57,73.11,83.82,84.88,87.02,47.52,Industrial
RES-1134,28.582398,77.451111,3834,929,4.12,592.2,5.0,8.49,5706.1,0.736,30837.2,6,1,2,0.0,29.34,40.72,38.61,81.33,86.19,49.36,Residential
COM-1306,28.522864,77.400047,6072,1677,3.62,606.3,7.1,10.46,6862.4,0.918,60200.4,112,3,2,2.0,19.71,62.98,68.43,92.37,100.0,67.69,Commercial
IND-1470,28.390447,77.44828,1532,389,3.93,232.5,2.0,5.45,1065.6,0.642,29630.7,0,9,1,0.0,8.97,74.83,59.88,76.87,88.2,38.59,Industrial
COM-1319,28.460104,77.50741,4666,1173,3.98,657.0,9.6,16.72,10592.1,0.818,59486.8,52,0,0,1.0,3.39,58.54,78.46,95.31,96.95,96.19,Commercial
COM-1243,28.509381,77.403493,3407,978,3.48,502.4,5.3,11.18,8147.2,0.804,57167.9,50,0,2,2.0,16.39,45.21,78.98,94.59,100.0,82.35,Commercial
RES-1054,28.465465,77.353898,12716,3263,3.9,479.9,2.5,10.37,3100.1,0.83,33097.7,11,0,2,1.0,22.06,34.78,55.42,91.0,100.0,56.31,Residential
COM-1363,28.474528,77.509118,6411,2188,2.93,693.0,4.9,18.99,10023.7,0.819,53498.3,41,2,2,1.0,7.89,61.6,73.12,90.87,100.0,80.95,Commercial
RES-1050,28.454861,77.353412,6393,1437,4.45,514.0,4.2,8.63,4849.5,0.837,38671.9,10,1,3,0.0,22.475,26.62,34.48,89.4,92.81,84.6,Residential
IND-1447,28.382482,77.482812,2438,746,3.27,181.1,1.4,6.6,1739.3,0.78,17099.4,7,9,0,0.0,1.77,88.19,70.03,74.71,93.52,38.06,Industrial
RES-1174,28.50654,77.539245,11028,2323,4.75,504.3,2.4,7.29,3846.3,0.731,31525.0,11,0,3,0.0,18.36,45.14,51.8,87.94,97.59,64.36,Residential
IND-1445,28.398322,77.473172,2542,669,3.8,161.7,3.0,6.33,2708.9,0.746,18066.6,0,6,0,0.0,7.75,73.32,65.52,72.07,88.52,59.65,Industrial
RES-1189,28.492017,77.526036,5141,1259,4.08,430.0,2.6,7.94,3536.9,0.696,41146.5,6,0,1,1.0,27.66,38.1,47.66,82.13,95.26,61.47,Residential
IND-1486,28.408109,77.466997,2321,459,5.06,254.0,1.5,8.41,2464.8,0.499,32684.2,8,17,0,1.0,11.95,61.9,53.83,56.17,83.01,44.28,Industrial
RES-1187,28.503117,77.559974,8270,1729,4.78,479.9,4.6,9.18,2933.9,0.896,60517.2,2,0,4,1.0,16.21,38.34,36.97,91.42,99.53,43.71,Residential
RES-1169,28.567912,77.423349,4108,954,4.3,493.9,3.7,9.24,2754.1,0.712,34064.8,10,0,2,2.0,21.07,33.01,43.13,94.57,100.0,53.93,Residential
RES-1058,28.454969,77.357829,6544,1388,4.71,556.1,3.3,7.7,4839.9,0.774,43268.4,14,1,3,1.0,18.34,32.42,50.24,82.21,98.99,61.85,Residential
RES-1048,28.455154,77.362203,6426,1408,4.56,460.8,2.2,9.99,5042.1,0.73,33582.2,11,0,2,0.0,22.475,44.6,24.74,82.86,98.2,84.18,Residential
COM-1344,28.466673,77.482136,1384,366,3.78,418.7,5.0,8.9,8818.8,0.742,46643.7,94,0,0,1.0,10.93,51.1,86.97,95.6,93.65,80.95,Commercial
RES-1235,28.479949,77.573917,6260,1411,4.44,433.7,1.2,9.47,4147.6,0.755,29744.4,15,0,0,1.0,17.43,27.7,51.93,100.0,78.15,60.29,Residential
COM-1252,28.529892,77.387214,5684,1620,3.51,466.9,6.3,10.86,11344.2,0.794,50091.4,100,2,1,1.0,9.19,51.65,79.24,87.29,97.55,81.83,Commercial
RES-1021,28.446613,77.349602,9233,2223,4.15,396.1,1.0,12.24,5213.9,0.678,30650.8,6,0,0,0.0,21.09,48.69,27.76,86.57,100.0,54.76,Residential
COM-1313,28.498012,77.504624,6459,1826,3.54,719.2,3.5,17.18,9729.5,0.857,41105.5,126,1,0,1.0,1.91,52.02,61.93,100.0,96.88,72.9,Commercial
RES-1160,28.563414,77.393405,9775,2368,4.13,306.2,3.6,10.41,4708.1,0.819,47899.5,8,1,0,0.0,31.1,24.85,48.42,85.07,88.09,36.35,Residential
COM-1276,28.512973,77.392552,6567,2562,2.56,804.1,5.7,12.47,8868.0,0.874,66109.5,58,0,1,1.0,4.74,47.63,76.52,97.36,93.57,93.36,Commercial
IND-1443,28.421223,77.488684,2636,690,3.82,129.8,2.4,7.16,3496.9,0.628,28020.7,14,13,1,0.0,6.36,72.03,30.29,75.64,97.22,49.71,Industrial
RES-1191,28.498842,77.546798,6335,1551,4.08,580.7,2.7,7.22,4396.7,0.911,39450.0,11,0,2,0.0,28.43,45.27,59.45,73.86,91.12,56.16,Residential
IND-1385,28.593551,77.326618,2623,633,4.14,142.9,2.3,5.17,3668.8,0.765,29768.8,6,12,1,0.0,10.99,81.96,63.79,72.66,93.34,29.76,Industrial
COM-1293,28.522233,77.421213,5350,1826,2.93,669.9,8.2,15.25,8789.6,0.913,62515.0,100,1,0,1.0,11.28,65.6,52.16,90.22,94.38,100.0,Commercial
IND-1413,28.631823,77.317995,3535,727,4.86,229.7,2.3,5.59,1661.9,0.754,18624.2,4,16,1,0.0,8.31,72.5,39.1,70.65,89.0,50.93,Industrial
COM-1343,28.432683,77.506544,5601,1487,3.77,358.1,9.3,11.94,10408.0,0.877,45645.5,87,1,0,2.0,7.89,55.99,89.89,96.83,91.16,62.91,Commercial
COM-1257,28.506883,77.424143,6090,1801,3.38,496.6,6.2,16.51,8267.0,0.725,86754.4,100,0,1,1.0,6.97,48.02,59.03,84.07,94.31,78.28,Commercial
COM-1308,28.522204,77.41474,3398,902,3.77,702.1,5.4,11.99,6547.3,0.814,31278.6,91,0,0,2.0,4.31,61.46,83.22,100.0,94.55,79.01,Commercial
RES-1149,28.583905,77.42147,5273,1096,4.81,450.6,3.4,7.31,3006.2,0.807,52069.0,14,1,0,1.0,23.2,31.83,37.32,93.05,99.69,49.08,Residential
RES-1130,28.578072,77.390311,6514,1480,4.4,350.0,3.3,9.29,3550.4,0.732,29888.8,21,1,3,0.0,17.05,34.78,35.16,89.3,89.69,42.7,Residential
RES-1151,28.592162,77.414125,8610,2180,3.95,417.8,3.6,9.26,5252.6,0.78,41113.3,7,0,4,0.0,22.475,32.34,18.73,93.3,89.31,77.86,Residential
COM-1359,28.485099,77.500432,3859,1146,3.37,765.3,7.8,14.01,11064.8,0.855,71624.0,60,0,2,2.0,11.46,51.65,91.86,87.83,95.58,90.33,Commercial
RES-1099,28.593426,77.419783,10494,2343,4.48,514.6,3.2,11.06,5312.2,0.725,28952.9,18,0,2,0.0,27.91,31.23,41.44,85.09,84.71,72.52,Residential
IND-1372,28.618352,77.324491,2279,676,3.37,146.4,1.0,4.61,1979.8,0.554,27535.4,4,15,0,0.0,6.73,68.72,52.16,66.62,92.46,29.1,Industrial
RES-1087,28.454931,77.371803,4853,1140,4.26,365.4,2.8,8.27,4335.3,0.742,39173.7,16,0,3,1.0,27.61,47.86,55.43,82.74,100.0,48.06,Residential
IND-1458,28.404803,77.497359,3049,770,3.96,197.4,1.3,5.5,2667.5,0.787,23698.9,9,15,0,1.0,7.18,71.72,50.44,88.05,88.01,54.85,Industrial
COM-1330,28.487989,77.501702,3111,826,3.77,578.1,5.7,12.78,7821.7,0.931,73476.4,134,1,1,2.0,14.14,50.64,81.77,95.44,95.02,74.4,Commercial
RES-1214,28.510431,77.556522,8156,1822,4.47,394.0,3.2,7.83,4254.1,0.671,34432.5,4,0,1,1.0,16.6,41.85,47.92,83.25,96.89,25.2,Residential
IND-1466,28.398038,77.48944,2847,659,4.32,119.5,1.7,6.06,3729.1,0.684,26559.2,6,20,1,0.0,9.97,63.28,62.63,73.86,91.43,50.6,Industrial
RES-1121,28.583498,77.45347,9659,1924,5.02,599.5,4.1,11.73,3363.4,0.78,22960.6,14,1,2,1.0,26.66,29.73,37.17,92.99,89.64,54.89,Residential
IND-1489,28.390159,77.49151,2624,583,4.5,220.9,1.3,8.06,3157.4,0.579,18270.9,8,15,0,0.0,3.23,74.61,54.18,77.93,93.43,28.44,Industrial
RES-1020,28.471985,77.321218,8787,2045,4.3,374.4,2.9,9.02,5864.1,0.633,27244.4,17,1,4,1.0,22.8,33.62,38.62,87.3,94.12,56.65,Residential
RES-1188,28.480611,77.536132,7751,2136,3.63,534.0,3.9,6.76,4727.3,0.78,37165.3,9,0,2,2.0,28.48,35.86,37.81,87.38999999999999,98.31,46.98,Residential
RES-1071,28.473071,77.361806,10019,2215,4.52,266.5,3.8,8.4,4147.6,0.797,33753.0,8,0,0,1.0,29.31,43.58,38.06,97.62,91.63,58.75,Residential
RES-1106,28.547723,77.416118,10473,2516,4.16,459.2,2.7,9.25,4147.6,0.734,45806.5,8,1,2,0.0,18.38,22.85,50.42,77.73,89.59,39.51,Residential
COM-1270,28.533032,77.394122,6793,1764,3.85,567.1,7.0,11.09,10201.9,0.818,61487.7,117,0,3,2.0,12.41,30.96,79.64,93.25,99.24,83.43,Commercial
COM-1348,28.458661,77.494798,1527,397,3.85,593.2,5.4,9.09,9599.6,0.965,73537.4,70,0,4,3.0,10.23,49.72,99.31,89.08,98.07,87.72,Commercial
IND-1435,28.42388,77.499039,2329,489,4.76,264.2,1.2,5.98,2317.1,0.68,19291.8,3,18,1,0.0,7.24,69.81,72.6,60.93,92.91,54.11,Industrial
RES-1102,28.604183,77.413454,9442,2319,4.07,510.6,4.2,8.65,4344.0,0.78,42444.1,10,0,2,0.0,16.66,24.7,39.06,78.78,97.19,83.85,Residential
